{
  "bake_texture_size": 64,
  "blinn": 0,
  "canBreak": true,
  "hdr": 0,
  "hideCloud": true,
  "is_bake_light_effect_visible": false,
  "moveDownGravity": 0.15,
  "scene": [
    {
      "attributes": [],
      "class": "VoxelTerrain",
      "customProperties": [],
      "properties": {
        "collisionGroup": "1",
        "id": "8804908903330054145",
        "isVisibleInEditor": "true",
        "name": "VoxelTerrain",
        "uniqueKey": "",
        "useForCollision": "false"
      }
    },
    {
      "class": "Light",
      "customProperties": [],
      "properties": {
        "bakeTextureWeight": "1",
        "batchType": "Static",
        "canAcceptShadow": "true",
        "canGenerateShadow": "true",
        "id": "8804908903485423617",
        "ID": "5",
        "isVisibleInEditor": "true",
        "lightActived": "true",
        "lightAngle": "30.0",
        "lightBrightness": "2",
        "lightColor": "r:1.0 g:1.0 b:1.0 a:1.0",
        "lightLength": "1.0",
        "lightRange": "8.0",
        "lightType": "GlobalLight",
        "lightWidth": "1.0",
        "name": "EnvironmentLight",
        "needSync": "false",
        "position": "x:0 y:0 z:0",
        "rotation": "x:0 y:0 z:0",
        "scale": "x:1 y:1 z:1",
        "selectable": "true",
        "shadowsDistance": "20.0",
        "shadowsIntensity": "1.0",
        "shadowsOffset": "0.02",
        "shadowsPresicion": "1024",
        "shadowsType": "null",
        "skyColor": "r:0.125490196078431 g:0.152941176470588 b:0.341176470588235 a:1.0",
        "skyLineColor": "r:0.23921568627451 g:0.227450980392157 b:0.207843137254902 a:1.0",
        "useAnchor": "false",
        "useForCollision": "false"
      }
    },
    {
      "class": "Light",
      "customProperties": [],
      "properties": {
        "bakeTextureWeight": "1",
        "batchType": "Static",
        "canAcceptShadow": "true",
        "canGenerateShadow": "true",
        "id": "8804908903663222785",
        "ID": "6",
        "isVisibleInEditor": "true",
        "lightActived": "true",
        "lightAngle": "30.0",
        "lightBrightness": "1.0",
        "lightColor": "r:1.0 g:1.0 b:1.0 a:1.0",
        "lightLength": "1.0",
        "lightRange": "8.0",
        "lightType": "DirectionalLight",
        "lightWidth": "1.0",
        "name": "DirectionalLight",
        "needSync": "false",
        "position": "x:0 y:5 z:0",
        "rotation": "x:0 y:-90 z:0",
        "scale": "x:1 y:1 z:1",
        "selectable": "true",
        "shadowsDistance": "20.0",
        "shadowsIntensity": "1.0",
        "shadowsOffset": "0.02",
        "shadowsPresicion": "1024",
        "shadowsType": "null",
        "skyColor": "r:0.498039215686275 g:0.513725490196078 b:0.545098039215686 a:1.0",
        "skyLineColor": "r:0.23921568627451 g:0.227450980392157 b:0.207843137254902 a:1.0",
        "useAnchor": "false",
        "useForCollision": "false"
      }
    },
    {
      "attributes": [],
      "children": [
        {
          "attributes": [],
          "class": "Part",
          "customProperties": [],
          "properties": {
            "angleVelocity": "x:0 y:0 z:0",
            "bakeTextureWeight": "1",
            "batchType": "Static",
            "bloom": "false",
            "booleanOperation": "0",
            "btsKey": "0dce1d89-8696-40b8-b853-abbfb3cddf96",
            "cameraCollideEnable": "true",
            "canAcceptShadow": "true",
            "canGenerateShadow": "true",
            "collisionFidelity": "0",
            "collisionGroup": "1",
            "collisionUniqueKey": "",
            "customThreshold": "1",
            "density": "5.5",
            "discardAlpha": "0.0",
            "friction": "0.56",
            "id": "8804909503115558913",
            "isLockedInEditor": "false",
            "isVisibleInEditor": "true",
            "lineVelocity": "x:0 y:0 z:0",
            "massCenter": "x:6.776207447052 y:5.40700054168701 z:-18.0229206085205",
            "materialAlpha": "1.0",
            "materialColor": "r:1.0 g:1.0 b:1.0 a:1.0",
            "materialOffset": "x:1 y:1 z:1.0",
            "materialTexture": "part_huawenban.tga",
            "name": "Part",
            "needSync": "true",
            "partNavMeshType": "1",
            "position": "x:6.776207447052 y:5.40700054168701 z:-18.0229206085205",
            "restitution": "0.07",
            "rotation": "x:0 y:0 z:0",
            "scale": "x:119.147 y:10.8139 z:0.999971",
            "selectable": "true",
            "shape": "1",
            "staticBatchNo": "auto_batch_0",
            "staticObject": "true",
            "useAnchor": "true",
            "useCollide": "true",
            "useForCollision": "false",
            "useGravity": "false",
            "useTextureAlpha": "false"
          }
        },
        {
          "attributes": [],
          "class": "Part",
          "customProperties": [],
          "properties": {
            "angleVelocity": "x:0 y:0 z:0",
            "bakeTextureWeight": "1",
            "batchType": "Static",
            "bloom": "false",
            "booleanOperation": "0",
            "btsKey": "0f14ee4e-e0e6-4875-90c7-264541491a9e",
            "cameraCollideEnable": "true",
            "canAcceptShadow": "true",
            "canGenerateShadow": "true",
            "collisionFidelity": "0",
            "collisionGroup": "1",
            "collisionUniqueKey": "",
            "customThreshold": "1",
            "density": "5.5",
            "discardAlpha": "0.0",
            "friction": "0.56",
            "id": "8804909503126847489",
            "isLockedInEditor": "false",
            "isVisibleInEditor": "true",
            "lineVelocity": "x:0 y:0 z:0",
            "massCenter": "x:7.32413625717163 y:5.40694856643677 z:100.370407104492",
            "materialAlpha": "1.0",
            "materialColor": "r:1.0 g:1.0 b:1.0 a:1.0",
            "materialOffset": "x:1 y:1 z:1.0",
            "materialTexture": "part_huawenban.tga",
            "name": "Part",
            "needSync": "true",
            "partNavMeshType": "1",
            "position": "x:7.32413625717163 y:5.40694856643677 z:100.370407104492",
            "restitution": "0.07",
            "rotation": "x:0 y:0 z:0",
            "scale": "x:119.147 y:10.8139 z:0.999971",
            "selectable": "true",
            "shape": "1",
            "staticBatchNo": "auto_batch_0",
            "staticObject": "true",
            "useAnchor": "true",
            "useCollide": "true",
            "useForCollision": "false",
            "useGravity": "false",
            "useTextureAlpha": "false"
          }
        },
        {
          "attributes": [],
          "class": "Part",
          "customProperties": [],
          "properties": {
            "angleVelocity": "x:0 y:0 z:0",
            "bakeTextureWeight": "1",
            "batchType": "Static",
            "bloom": "false",
            "booleanOperation": "0",
            "btsKey": "c9666dd8-bc61-4f40-8521-6b71ca4bd325",
            "cameraCollideEnable": "true",
            "canAcceptShadow": "true",
            "canGenerateShadow": "true",
            "collisionFidelity": "0",
            "collisionGroup": "1",
            "collisionUniqueKey": "",
            "customThreshold": "1",
            "density": "5.5",
            "discardAlpha": "0.0",
            "friction": "0.56",
            "id": "8804909503137628161",
            "isLockedInEditor": "false",
            "isVisibleInEditor": "true",
            "lineVelocity": "x:0 y:0 z:0",
            "massCenter": "x:66.4831085205078 y:5.40694952011108 z:40.7878379821777",
            "materialAlpha": "1.0",
            "materialColor": "r:1.0 g:1.0 b:1.0 a:1.0",
            "materialOffset": "x:1 y:1 z:1.0",
            "materialTexture": "part_huawenban.tga",
            "name": "Part",
            "needSync": "true",
            "partNavMeshType": "1",
            "position": "x:66.4831085205078 y:5.40694952011108 z:40.7878379821777",
            "restitution": "0.07",
            "rotation": "x:0 y:-90 z:0",
            "scale": "x:119.147 y:10.8139 z:0.999971",
            "selectable": "true",
            "shape": "1",
            "staticBatchNo": "auto_batch_0",
            "staticObject": "true",
            "useAnchor": "true",
            "useCollide": "true",
            "useForCollision": "false",
            "useGravity": "false",
            "useTextureAlpha": "false"
          }
        },
        {
          "attributes": [],
          "class": "Part",
          "customProperties": [],
          "properties": {
            "angleVelocity": "x:0 y:0 z:0",
            "bakeTextureWeight": "1",
            "batchType": "Static",
            "bloom": "false",
            "booleanOperation": "0",
            "btsKey": "67fff2e6-531f-4146-9998-e753b70dcb66",
            "cameraCollideEnable": "true",
            "canAcceptShadow": "true",
            "canGenerateShadow": "true",
            "collisionFidelity": "0",
            "collisionGroup": "1",
            "collisionUniqueKey": "",
            "customThreshold": "1",
            "density": "5.5",
            "discardAlpha": "0.0",
            "friction": "0.56",
            "id": "8804909503148195841",
            "isLockedInEditor": "false",
            "isVisibleInEditor": "true",
            "lineVelocity": "x:0 y:0 z:0",
            "massCenter": "x:-52.289665222168 y:22.1049556732178 z:63.2037010192871",
            "materialAlpha": "1.0",
            "materialColor": "r:1.0 g:1.0 b:1.0 a:1.0",
            "materialOffset": "x:1 y:1 z:1.0",
            "materialTexture": "part_huawenban.tga",
            "name": "Part",
            "needSync": "true",
            "partNavMeshType": "1",
            "position": "x:-52.289665222168 y:22.1049556732178 z:63.2037010192871",
            "restitution": "0.07",
            "rotation": "x:0 y:-90 z:0",
            "scale": "x:75.1428 y:44.2094 z:0.999936",
            "selectable": "true",
            "shape": "1",
            "staticBatchNo": "auto_batch_0",
            "staticObject": "true",
            "useAnchor": "true",
            "useCollide": "true",
            "useForCollision": "false",
            "useGravity": "false",
            "useTextureAlpha": "false"
          }
        },
        {
          "attributes": [],
          "class": "Part",
          "customProperties": [],
          "properties": {
            "angleVelocity": "x:0 y:0 z:0",
            "bakeTextureWeight": "1",
            "batchType": "Static",
            "bloom": "false",
            "booleanOperation": "0",
            "btsKey": "24157756-6704-4ea2-b2a4-b9fccfabe7bd",
            "cameraCollideEnable": "true",
            "canAcceptShadow": "true",
            "canGenerateShadow": "true",
            "collisionFidelity": "0",
            "collisionGroup": "1",
            "collisionUniqueKey": "",
            "customThreshold": "1",
            "density": "5.5",
            "discardAlpha": "0.0",
            "friction": "0.56",
            "id": "8804909503156912129",
            "isLockedInEditor": "false",
            "isVisibleInEditor": "true",
            "lineVelocity": "x:0 y:0 z:0",
            "massCenter": "x:-52.3453674316406 y:22.1188468933105 z:-1.01676535606384",
            "materialAlpha": "1.0",
            "materialColor": "r:1.0 g:1.0 b:1.0 a:1.0",
            "materialOffset": "x:1 y:1 z:1.0",
            "materialTexture": "part_huawenban.tga",
            "name": "Part",
            "needSync": "true",
            "partNavMeshType": "1",
            "position": "x:-52.3453674316406 y:22.1188468933105 z:-1.01676535606384",
            "restitution": "0.07",
            "rotation": "x:0 y:-90 z:0",
            "scale": "x:34.5314 y:44.2372 z:0.999915",
            "selectable": "true",
            "shape": "1",
            "staticBatchNo": "auto_batch_0",
            "staticObject": "true",
            "useAnchor": "true",
            "useCollide": "true",
            "useForCollision": "false",
            "useGravity": "false",
            "useTextureAlpha": "false"
          }
        },
        {
          "attributes": [],
          "class": "Part",
          "customProperties": [],
          "properties": {
            "angleVelocity": "x:0 y:0 z:0",
            "bakeTextureWeight": "1",
            "batchType": "Static",
            "bloom": "false",
            "booleanOperation": "0",
            "btsKey": "af3403f3-53c4-4141-9cc5-db5cd50ebeba",
            "cameraCollideEnable": "true",
            "canAcceptShadow": "true",
            "canGenerateShadow": "true",
            "collisionFidelity": "0",
            "collisionGroup": "1",
            "collisionUniqueKey": "",
            "customThreshold": "1",
            "density": "5.5",
            "discardAlpha": "0.0",
            "friction": "0.56",
            "id": "8804909503165677569",
            "isLockedInEditor": "false",
            "isVisibleInEditor": "true",
            "lineVelocity": "x:0 y:0 z:0",
            "massCenter": "x:-52.3204383850098 y:29.4284934997559 z:17.6625347137451",
            "materialAlpha": "1.0",
            "materialColor": "r:1.0 g:1.0 b:1.0 a:1.0",
            "materialOffset": "x:1 y:1 z:1.0",
            "materialTexture": "part_huawenban.tga",
            "name": "Part",
            "needSync": "true",
            "partNavMeshType": "1",
            "position": "x:-52.3204383850098 y:29.4284934997559 z:17.6625347137451",
            "restitution": "0.07",
            "rotation": "x:0 y:-90 z:0",
            "scale": "x:69.5091 y:29.6312 z:0.999924",
            "selectable": "true",
            "shape": "1",
            "staticBatchNo": "auto_batch_0",
            "staticObject": "true",
            "useAnchor": "true",
            "useCollide": "true",
            "useForCollision": "false",
            "useGravity": "false",
            "useTextureAlpha": "false"
          }
        }
      ],
      "class": "Folder",
      "customProperties": [],
      "properties": {
        "aclNames": [],
        "id": "8804909503182929921",
        "isDataSet": "false",
        "isVisibleInEditor": "true",
        "name": "Tembok",
        "useForCollision": "false"
      }
    },
    {
      "attributes": [],
      "children": [
        {
          "attributes": [],
          "class": "MeshPart",
          "customProperties": [],
          "properties": {
            "angleVelocity": "x:0 y:0 z:0",
            "autoAnchor": "true",
            "bakeTextureWeight": "1",
            "batchType": "Static",
            "bloom": "false",
            "booleanOperation": "0",
            "btsKey": "04284b7c-6ebc-4582-ae9f-6e2b23d17d07",
            "cameraCollideEnable": "true",
            "canAcceptShadow": "true",
            "canGenerateShadow": "true",
            "collisionFidelity": "0",
            "collisionGroup": "1",
            "collisionUniqueKey": "",
            "customShapeData": "",
            "customThreshold": "1",
            "density": "2.2",
            "discardAlpha": "0.0",
            "friction": "0.37",
            "id": "8804909503186288641",
            "isLockedInEditor": "false",
            "isVisibleInEditor": "true",
            "lineVelocity": "x:0 y:0 z:0",
            "localAnchorPoint": "x:0 y:0 z:0",
            "lodData": {
              "lodModelItem": []
            },
            "lodGroup": "",
            "massCenter": "x:23.1919384002686 y:22.216588973999 z:27.9820861816406",
            "materialAlpha": "1.0",
            "materialColor": "r:1.0 g:1.0 b:1.0 a:1.0",
            "materialOffset": "x:1 y:1 z:1.0",
            "materialTexture": "part_suliao.tga",
            "mesh": "asset/Mesh/High-Rise Buildings With Platform/g2047_2_45_zhuagnshi.mesh",
            "metalness": "0",
            "name": "Kota",
            "needSync": "true",
            "originAnchor": "false",
            "partNavMeshType": "1",
            "position": "x:23.1919384002686 y:22.216588973999 z:27.9820861816406",
            "restitution": "0.3",
            "rotation": "x:0 y:-90 z:0",
            "roughness": "0.9",
            "scale": "x:1.88276 y:1.88276 z:1.88276",
            "selectable": "true",
            "staticBatchNo": "",
            "staticObject": "true",
            "useAnchor": "true",
            "useCollide": "true",
            "useForCollision": "false",
            "useGravity": "false",
            "useLodModel": "false",
            "useTextureAlpha": "false"
          }
        }
      ],
      "class": "Folder",
      "customProperties": [],
      "properties": {
        "aclNames": [],
        "id": "8804909503196184577",
        "isDataSet": "false",
        "isVisibleInEditor": "true",
        "name": "Object luar",
        "useForCollision": "false"
      }
    },
    {
      "attributes": [],
      "class": "Folder",
      "customProperties": [],
      "properties": {
        "aclNames": [],
        "id": "8804909503210323969",
        "isDataSet": "false",
        "isVisibleInEditor": "true",
        "name": "Musuh",
        "useForCollision": "false"
      }
    },
    {
      "attributes": [],
      "children": [
        {
          "attributes": [],
          "class": "MeshPart",
          "customProperties": [],
          "properties": {
            "angleVelocity": "x:0 y:0 z:0",
            "autoAnchor": "true",
            "bakeTextureWeight": "1",
            "batchType": "Static",
            "bloom": "false",
            "booleanOperation": "0",
            "btsKey": "442be089-0603-4ed2-8d21-c0e263a18a33",
            "cameraCollideEnable": "true",
            "canAcceptShadow": "true",
            "canGenerateShadow": "true",
            "collisionFidelity": "0",
            "collisionGroup": "1",
            "collisionUniqueKey": "",
            "customShapeData": "",
            "customThreshold": "1",
            "density": "2.2",
            "discardAlpha": "0.0",
            "friction": "0.37",
            "id": "8804909503215370241",
            "isLockedInEditor": "false",
            "isVisibleInEditor": "true",
            "lineVelocity": "x:0 y:0 z:0",
            "localAnchorPoint": "x:0 y:0 z:0",
            "lodData": {
              "lodModelItem": []
            },
            "lodGroup": "",
            "massCenter": "x:-59.1523094177246 y:1.0801854133606 z:20.7944793701172",
            "materialAlpha": "1.0",
            "materialColor": "r:1.0 g:1.0 b:1.0 a:1.0",
            "materialOffset": "x:1 y:1 z:1.0",
            "materialTexture": "part_suliao.tga",
            "mesh": "asset/Mesh/Gray Arched Stone Bridge/g2044_7080_bridge01.mesh",
            "metalness": "0",
            "name": "g2044_7080_bridge01.mesh",
            "needSync": "true",
            "originAnchor": "false",
            "partNavMeshType": "1",
            "position": "x:-59.1523094177246 y:1.0801854133606 z:20.7944793701172",
            "restitution": "0.3",
            "rotation": "x:0 y:0 z:0",
            "roughness": "0.9",
            "scale": "x:1 y:1 z:1",
            "selectable": "true",
            "staticBatchNo": "1",
            "staticObject": "true",
            "useAnchor": "true",
            "useCollide": "true",
            "useForCollision": "false",
            "useGravity": "false",
            "useLodModel": "false",
            "useTextureAlpha": "false"
          }
        },
        {
          "attributes": [],
          "children": [
            {
              "attributes": [],
              "class": "MeshPart",
              "customProperties": [],
              "properties": {
                "angleVelocity": "x:0 y:0 z:0",
                "autoAnchor": "true",
                "bakeTextureWeight": "1",
                "batchType": "Static",
                "bloom": "false",
                "booleanOperation": "0",
                "btsKey": "876865ed-5eb6-4192-a95e-c88dd3ad3ae3",
                "cameraCollideEnable": "true",
                "canAcceptShadow": "true",
                "canGenerateShadow": "true",
                "collisionFidelity": "0",
                "collisionGroup": "1",
                "collisionUniqueKey": "",
                "customShapeData": "",
                "customThreshold": "1",
                "density": "2.2",
                "discardAlpha": "0.0",
                "friction": "0.37",
                "id": "8804909503226593281",
                "isLockedInEditor": "false",
                "isVisibleInEditor": "true",
                "lineVelocity": "x:0 y:0 z:0",
                "localAnchorPoint": "x:0 y:0 z:0",
                "lodData": {
                  "lodModelItem": []
                },
                "lodGroup": "",
                "massCenter": "x:-86.5156860351562 y:3.00000023841858 z:20.6750087738037",
                "materialAlpha": "1.0",
                "materialColor": "r:1.0 g:1.0 b:1.0 a:1.0",
                "materialOffset": "x:1 y:1 z:1.0",
                "materialTexture": "part_suliao.tga",
                "mesh": "asset/Mesh/Purple Square Area/g2047_4_21_qiang.mesh",
                "metalness": "0",
                "name": "g2047_4_21_qiang.mesh",
                "needSync": "true",
                "originAnchor": "false",
                "partNavMeshType": "1",
                "position": "x:-86.5156860351562 y:3.00000023841858 z:20.6750087738037",
                "restitution": "0.3",
                "rotation": "x:0 y:0 z:0",
                "roughness": "0.9",
                "scale": "x:1.82378 y:1.82378 z:1.82378",
                "selectable": "true",
                "staticBatchNo": "",
                "staticObject": "true",
                "useAnchor": "true",
                "useCollide": "true",
                "useForCollision": "false",
                "useGravity": "false",
                "useLodModel": "false",
                "useTextureAlpha": "false"
              }
            },
            {
              "attributes": [],
              "class": "MeshPart",
              "customProperties": [],
              "properties": {
                "angleVelocity": "x:0 y:0 z:0",
                "autoAnchor": "true",
                "bakeTextureWeight": "1",
                "batchType": "Static",
                "bloom": "false",
                "booleanOperation": "0",
                "btsKey": "a3c233b1-0337-4cc1-8693-c98215ba8f30",
                "cameraCollideEnable": "true",
                "canAcceptShadow": "true",
                "canGenerateShadow": "true",
                "collisionFidelity": "0",
                "collisionGroup": "1",
                "collisionUniqueKey": "",
                "customShapeData": "",
                "customThreshold": "1",
                "density": "2.2",
                "discardAlpha": "0.0",
                "friction": "0.37",
                "id": "8804909503237128193",
                "isLockedInEditor": "false",
                "isVisibleInEditor": "true",
                "lineVelocity": "x:0 y:0 z:0",
                "localAnchorPoint": "x:0 y:0 z:0",
                "lodData": {
                  "lodModelItem": []
                },
                "lodGroup": "",
                "massCenter": "x:-86.3786010742188 y:3.00000023841858 z:20.9531745910645",
                "materialAlpha": "1.0",
                "materialColor": "r:1.0 g:1.0 b:1.0 a:1.0",
                "materialOffset": "x:1 y:1 z:1.0",
                "materialTexture": "part_suliao.tga",
                "mesh": "asset/Mesh/Purple Square Area/g2047_4_21_boli.mesh",
                "metalness": "0",
                "name": "g2047_4_21_boli.mesh",
                "needSync": "true",
                "originAnchor": "false",
                "partNavMeshType": "1",
                "position": "x:-86.3786010742188 y:3.00000023841858 z:20.9531745910645",
                "restitution": "0.3",
                "rotation": "x:0 y:0 z:0",
                "roughness": "0.9",
                "scale": "x:1.83831 y:1.83831 z:1.83831",
                "selectable": "true",
                "staticBatchNo": "1",
                "staticObject": "true",
                "useAnchor": "true",
                "useCollide": "true",
                "useForCollision": "false",
                "useGravity": "false",
                "useLodModel": "false",
                "useTextureAlpha": "false"
              }
            },
            {
              "attributes": [],
              "children": [
                {
                  "attributes": [],
                  "class": "MeshPart",
                  "customProperties": [],
                  "properties": {
                    "angleVelocity": "x:0 y:0 z:0",
                    "autoAnchor": "true",
                    "bakeTextureWeight": "1",
                    "batchType": "Static",
                    "bloom": "false",
                    "booleanOperation": "0",
                    "btsKey": "96d03569-9f1f-455f-b08b-904855d3c1bf",
                    "cameraCollideEnable": "true",
                    "canAcceptShadow": "true",
                    "canGenerateShadow": "true",
                    "collisionFidelity": "0",
                    "collisionGroup": "1",
                    "collisionUniqueKey": "",
                    "customShapeData": "",
                    "customThreshold": "1",
                    "density": "2.2",
                    "discardAlpha": "0.0",
                    "friction": "0.37",
                    "id": "8804909503248007169",
                    "isLockedInEditor": "false",
                    "isVisibleInEditor": "true",
                    "lineVelocity": "x:0 y:0 z:0",
                    "localAnchorPoint": "x:0 y:0 z:0",
                    "lodData": {
                      "lodModelItem": []
                    },
                    "lodGroup": "",
                    "massCenter": "x:-89.1111450195312 y:2.89952349662781 z:40.2185516357422",
                    "materialAlpha": "1.0",
                    "materialColor": "r:1.0 g:1.0 b:1.0 a:1.0",
                    "materialOffset": "x:1 y:1 z:1.0",
                    "materialTexture": "part_suliao.tga",
                    "mesh": "asset/Mesh/White Double Sliding Door/g2035_building_policehouse_r_1.mesh",
                    "metalness": "0",
                    "name": "Door",
                    "needSync": "true",
                    "originAnchor": "false",
                    "partNavMeshType": "1",
                    "position": "x:-89.1111450195312 y:2.89952349662781 z:40.2185516357422",
                    "restitution": "0.3",
                    "rotation": "x:0 y:-179.999984741211 z:0",
                    "roughness": "0.9",
                    "scale": "x:2.83468 y:2.83468 z:2.83468",
                    "selectable": "true",
                    "staticBatchNo": "1",
                    "staticObject": "true",
                    "useAnchor": "true",
                    "useCollide": "true",
                    "useForCollision": "false",
                    "useGravity": "false",
                    "useLodModel": "false",
                    "useTextureAlpha": "false"
                  }
                }
              ],
              "class": "MeshPart",
              "customProperties": [],
              "properties": {
                "angleVelocity": "x:0 y:0 z:0",
                "autoAnchor": "true",
                "bakeTextureWeight": "1",
                "batchType": "Static",
                "bloom": "false",
                "booleanOperation": "0",
                "btsKey": "6dda4e2c-d142-4166-bc75-d769d7917219",
                "cameraCollideEnable": "true",
                "canAcceptShadow": "true",
                "canGenerateShadow": "true",
                "collisionFidelity": "0",
                "collisionGroup": "1",
                "collisionUniqueKey": "",
                "customShapeData": "",
                "customThreshold": "1",
                "density": "2.2",
                "discardAlpha": "0.0",
                "friction": "0.37",
                "id": "8804909503261048833",
                "isLockedInEditor": "false",
                "isVisibleInEditor": "true",
                "lineVelocity": "x:0 y:0 z:0",
                "localAnchorPoint": "x:0 y:0 z:0",
                "lodData": {
                  "lodModelItem": []
                },
                "lodGroup": "",
                "massCenter": "x:-84.0430145263672 y:2.90253019332886 z:40.2737426757812",
                "materialAlpha": "1.0",
                "materialColor": "r:1.0 g:1.0 b:1.0 a:1.0",
                "materialOffset": "x:1 y:1 z:1.0",
                "materialTexture": "part_suliao.tga",
                "mesh": "asset/Mesh/White Double Sliding Door/g2035_building_policehouse_r_1.mesh",
                "metalness": "0",
                "name": "Door",
                "needSync": "true",
                "originAnchor": "false",
                "partNavMeshType": "1",
                "position": "x:-84.0430145263672 y:2.90253019332886 z:40.2737426757812",
                "restitution": "0.3",
                "rotation": "x:0 y:0 z:0",
                "roughness": "0.9",
                "scale": "x:2.83468 y:2.83468 z:2.83468",
                "selectable": "true",
                "staticBatchNo": "1",
                "staticObject": "true",
                "useAnchor": "true",
                "useCollide": "true",
                "useForCollision": "false",
                "useGravity": "false",
                "useLodModel": "false",
                "useTextureAlpha": "false"
              }
            },
            {
              "attributes": [],
              "children": [
                {
                  "attributes": [],
                  "class": "MeshPart",
                  "customProperties": [],
                  "properties": {
                    "angleVelocity": "x:0 y:0 z:0",
                    "autoAnchor": "true",
                    "bakeTextureWeight": "1",
                    "batchType": "Static",
                    "bloom": "false",
                    "booleanOperation": "0",
                    "btsKey": "96d03569-9f1f-455f-b08b-904855d3c1bf",
                    "cameraCollideEnable": "true",
                    "canAcceptShadow": "true",
                    "canGenerateShadow": "true",
                    "collisionFidelity": "0",
                    "collisionGroup": "1",
                    "collisionUniqueKey": "",
                    "customShapeData": "",
                    "customThreshold": "1",
                    "density": "2.2",
                    "discardAlpha": "0.0",
                    "friction": "0.37",
                    "id": "8804909503273205761",
                    "isLockedInEditor": "false",
                    "isVisibleInEditor": "true",
                    "lineVelocity": "x:0 y:0 z:0",
                    "localAnchorPoint": "x:0 y:0 z:0",
                    "lodData": {
                      "lodModelItem": []
                    },
                    "lodGroup": "",
                    "massCenter": "x:-105.544189453125 y:2.89952349662781 z:23.5488510131836",
                    "materialAlpha": "1.0",
                    "materialColor": "r:1.0 g:1.0 b:1.0 a:1.0",
                    "materialOffset": "x:1 y:1 z:1.0",
                    "materialTexture": "part_suliao.tga",
                    "mesh": "asset/Mesh/White Double Sliding Door/g2035_building_policehouse_r_1.mesh",
                    "metalness": "0",
                    "name": "Door",
                    "needSync": "true",
                    "originAnchor": "false",
                    "partNavMeshType": "1",
                    "position": "x:-105.544189453125 y:2.89952349662781 z:23.5488510131836",
                    "restitution": "0.3",
                    "rotation": "x:0 y:-89.9999847412109 z:0",
                    "roughness": "0.9",
                    "scale": "x:2.83468 y:2.83468 z:2.83468",
                    "selectable": "true",
                    "staticBatchNo": "1",
                    "staticObject": "true",
                    "useAnchor": "true",
                    "useCollide": "true",
                    "useForCollision": "false",
                    "useGravity": "false",
                    "useLodModel": "false",
                    "useTextureAlpha": "false"
                  }
                }
              ],
              "class": "MeshPart",
              "customProperties": [],
              "properties": {
                "angleVelocity": "x:0 y:0 z:0",
                "autoAnchor": "true",
                "bakeTextureWeight": "1",
                "batchType": "Static",
                "bloom": "false",
                "booleanOperation": "0",
                "btsKey": "02b80dbc-f25f-40db-b077-5b69a697d68a",
                "cameraCollideEnable": "true",
                "canAcceptShadow": "true",
                "canGenerateShadow": "true",
                "collisionFidelity": "0",
                "collisionGroup": "1",
                "collisionUniqueKey": "",
                "customShapeData": "",
                "customThreshold": "1",
                "density": "2.2",
                "discardAlpha": "0.0",
                "friction": "0.37",
                "id": "8804909503286935553",
                "isLockedInEditor": "false",
                "isVisibleInEditor": "true",
                "lineVelocity": "x:0 y:0 z:0",
                "localAnchorPoint": "x:0 y:0 z:0",
                "lodData": {
                  "lodModelItem": []
                },
                "lodGroup": "",
                "massCenter": "x:-105.488998413086 y:2.90253019332886 z:18.4807186126709",
                "materialAlpha": "1.0",
                "materialColor": "r:1.0 g:1.0 b:1.0 a:1.0",
                "materialOffset": "x:1 y:1 z:1.0",
                "materialTexture": "part_suliao.tga",
                "mesh": "asset/Mesh/White Double Sliding Door/g2035_building_policehouse_r_1.mesh",
                "metalness": "0",
                "name": "Door",
                "needSync": "true",
                "originAnchor": "false",
                "partNavMeshType": "1",
                "position": "x:-105.488998413086 y:2.90253019332886 z:18.4807186126709",
                "restitution": "0.3",
                "rotation": "x:0 y:90 z:0",
                "roughness": "0.9",
                "scale": "x:2.83468 y:2.83468 z:2.83468",
                "selectable": "true",
                "staticBatchNo": "1",
                "staticObject": "true",
                "useAnchor": "true",
                "useCollide": "true",
                "useForCollision": "false",
                "useGravity": "false",
                "useLodModel": "false",
                "useTextureAlpha": "false"
              }
            },
            {
              "attributes": [],
              "children": [
                {
                  "attributes": [],
                  "class": "MeshPart",
                  "customProperties": [],
                  "properties": {
                    "angleVelocity": "x:0 y:0 z:0",
                    "autoAnchor": "true",
                    "bakeTextureWeight": "1",
                    "batchType": "Static",
                    "bloom": "false",
                    "booleanOperation": "0",
                    "btsKey": "96d03569-9f1f-455f-b08b-904855d3c1bf",
                    "cameraCollideEnable": "true",
                    "canAcceptShadow": "true",
                    "canGenerateShadow": "true",
                    "collisionFidelity": "0",
                    "collisionGroup": "1",
                    "collisionUniqueKey": "",
                    "customShapeData": "",
                    "customThreshold": "1",
                    "density": "2.2",
                    "discardAlpha": "0.0",
                    "friction": "0.37",
                    "id": "8804909503299108865",
                    "isLockedInEditor": "false",
                    "isVisibleInEditor": "true",
                    "lineVelocity": "x:0 y:0 z:0",
                    "localAnchorPoint": "x:0 y:0 z:0",
                    "lodData": {
                      "lodModelItem": []
                    },
                    "lodGroup": "",
                    "massCenter": "x:-89.1111450195312 y:2.89952349662781 z:1.48353016376495",
                    "materialAlpha": "1.0",
                    "materialColor": "r:1.0 g:1.0 b:1.0 a:1.0",
                    "materialOffset": "x:1 y:1 z:1.0",
                    "materialTexture": "part_suliao.tga",
                    "mesh": "asset/Mesh/White Double Sliding Door/g2035_building_policehouse_r_1.mesh",
                    "metalness": "0",
                    "name": "Door",
                    "needSync": "true",
                    "originAnchor": "false",
                    "partNavMeshType": "1",
                    "position": "x:-89.1111450195312 y:2.89952349662781 z:1.48353016376495",
                    "restitution": "0.3",
                    "rotation": "x:0 y:180 z:0",
                    "roughness": "0.9",
                    "scale": "x:2.83468 y:2.83468 z:2.83468",
                    "selectable": "true",
                    "staticBatchNo": "1",
                    "staticObject": "true",
                    "useAnchor": "true",
                    "useCollide": "true",
                    "useForCollision": "false",
                    "useGravity": "false",
                    "useLodModel": "false",
                    "useTextureAlpha": "false"
                  }
                }
              ],
              "class": "MeshPart",
              "customProperties": [],
              "properties": {
                "angleVelocity": "x:0 y:0 z:0",
                "autoAnchor": "true",
                "bakeTextureWeight": "1",
                "batchType": "Static",
                "bloom": "false",
                "booleanOperation": "0",
                "btsKey": "949c3026-3ae1-41fd-9706-2a1a6d284fe0",
                "cameraCollideEnable": "true",
                "canAcceptShadow": "true",
                "canGenerateShadow": "true",
                "collisionFidelity": "0",
                "collisionGroup": "1",
                "collisionUniqueKey": "",
                "customShapeData": "",
                "customThreshold": "1",
                "density": "2.2",
                "discardAlpha": "0.0",
                "friction": "0.37",
                "id": "8804909503312232449",
                "isLockedInEditor": "false",
                "isVisibleInEditor": "true",
                "lineVelocity": "x:0 y:0 z:0",
                "localAnchorPoint": "x:0 y:0 z:0",
                "lodData": {
                  "lodModelItem": []
                },
                "lodGroup": "",
                "massCenter": "x:-84.0430145263672 y:2.90253019332886 z:1.53872203826904",
                "materialAlpha": "1.0",
                "materialColor": "r:1.0 g:1.0 b:1.0 a:1.0",
                "materialOffset": "x:1 y:1 z:1.0",
                "materialTexture": "part_suliao.tga",
                "mesh": "asset/Mesh/White Double Sliding Door/g2035_building_policehouse_r_1.mesh",
                "metalness": "0",
                "name": "Door",
                "needSync": "true",
                "originAnchor": "false",
                "partNavMeshType": "1",
                "position": "x:-84.0430145263672 y:2.90253019332886 z:1.53872203826904",
                "restitution": "0.3",
                "rotation": "x:0 y:0 z:0",
                "roughness": "0.9",
                "scale": "x:2.83468 y:2.83468 z:2.83468",
                "selectable": "true",
                "staticBatchNo": "1",
                "staticObject": "true",
                "useAnchor": "true",
                "useCollide": "true",
                "useForCollision": "false",
                "useGravity": "false",
                "useLodModel": "false",
                "useTextureAlpha": "false"
              }
            }
          ],
          "class": "MeshPart",
          "customProperties": [],
          "properties": {
            "angleVelocity": "x:0 y:0 z:0",
            "autoAnchor": "true",
            "bakeTextureWeight": "1",
            "batchType": "Static",
            "bloom": "false",
            "booleanOperation": "0",
            "btsKey": "b0bd8034-7caa-4075-b4b4-ed60f8a312dd",
            "cameraCollideEnable": "true",
            "canAcceptShadow": "true",
            "canGenerateShadow": "true",
            "collisionFidelity": "0",
            "collisionGroup": "1",
            "collisionUniqueKey": "",
            "customShapeData": "",
            "customThreshold": "1",
            "density": "2.2",
            "discardAlpha": "0.0",
            "friction": "0.37",
            "id": "8804909503338233857",
            "isLockedInEditor": "false",
            "isVisibleInEditor": "true",
            "lineVelocity": "x:0 y:0 z:0",
            "localAnchorPoint": "x:0 y:0 z:0",
            "lodData": {
              "lodModelItem": []
            },
            "lodGroup": "",
            "massCenter": "x:-86.2316589355469 y:0 z:20.5082530975342",
            "materialAlpha": "1.0",
            "materialColor": "r:1.0 g:1.0 b:1.0 a:1.0",
            "materialOffset": "x:1 y:1 z:1.0",
            "materialTexture": "part_suliao.tga",
            "mesh": "asset/Mesh/Purple Square Area/g2047_4_21_dimian.mesh",
            "metalness": "0",
            "name": "Arena Pink",
            "needSync": "true",
            "originAnchor": "false",
            "partNavMeshType": "1",
            "position": "x:-86.2316589355469 y:0 z:20.5082530975342",
            "restitution": "0.3",
            "rotation": "x:0 y:0 z:0",
            "roughness": "0.9",
            "scale": "x:1.88679 y:1.88679 z:1.88679",
            "selectable": "true",
            "staticBatchNo": "",
            "staticObject": "true",
            "useAnchor": "true",
            "useCollide": "true",
            "useForCollision": "false",
            "useGravity": "false",
            "useLodModel": "false",
            "useTextureAlpha": "false"
          }
        },
        {
          "attributes": [],
          "children": [
            {
              "attributes": [],
              "class": "MeshPart",
              "customProperties": [],
              "properties": {
                "angleVelocity": "x:0 y:0 z:0",
                "autoAnchor": "true",
                "bakeTextureWeight": "1",
                "batchType": "Static",
                "bloom": "false",
                "booleanOperation": "0",
                "btsKey": "9deae484-6bbb-4b52-8fdf-b676413ffbc4",
                "cameraCollideEnable": "true",
                "canAcceptShadow": "true",
                "canGenerateShadow": "true",
                "collisionFidelity": "0",
                "collisionGroup": "1",
                "collisionUniqueKey": "",
                "customShapeData": "",
                "customThreshold": "1",
                "density": "2.2",
                "discardAlpha": "0.0",
                "friction": "0.37",
                "id": "8804909503348686849",
                "isLockedInEditor": "false",
                "isVisibleInEditor": "true",
                "lineVelocity": "x:0 y:0 z:0",
                "localAnchorPoint": "x:0 y:0 z:0",
                "lodData": {
                  "lodModelItem": []
                },
                "lodGroup": "",
                "massCenter": "x:-23.0335083007812 y:0 z:71.0224685668945",
                "materialAlpha": "1.0",
                "materialColor": "r:1.0 g:1.0 b:1.0 a:1.0",
                "materialOffset": "x:1 y:1 z:1.0",
                "materialTexture": "part_suliao.tga",
                "mesh": "asset/Mesh/Green Square Area/g2047_3_45_dimian.mesh",
                "metalness": "0",
                "name": "Arena hijau",
                "needSync": "true",
                "originAnchor": "false",
                "partNavMeshType": "1",
                "position": "x:-23.0335083007812 y:0 z:71.0224685668945",
                "restitution": "0.3",
                "rotation": "x:0 y:0 z:0",
                "roughness": "0.9",
                "scale": "x:1.32954 y:1.32954 z:1.32954",
                "selectable": "true",
                "staticBatchNo": "1",
                "staticObject": "true",
                "useAnchor": "true",
                "useCollide": "true",
                "useForCollision": "false",
                "useGravity": "false",
                "useLodModel": "false",
                "useTextureAlpha": "false"
              }
            },
            {
              "attributes": [],
              "class": "MeshPart",
              "customProperties": [],
              "properties": {
                "angleVelocity": "x:0 y:0 z:0",
                "autoAnchor": "true",
                "bakeTextureWeight": "1",
                "batchType": "Static",
                "bloom": "false",
                "booleanOperation": "0",
                "btsKey": "2e619590-ae90-40c1-9bfb-2f6e0cf16bed",
                "cameraCollideEnable": "true",
                "canAcceptShadow": "true",
                "canGenerateShadow": "true",
                "collisionFidelity": "0",
                "collisionGroup": "1",
                "collisionUniqueKey": "",
                "customShapeData": "",
                "customThreshold": "1",
                "density": "2.2",
                "discardAlpha": "0.0",
                "friction": "0.37",
                "id": "8804909503358369793",
                "isLockedInEditor": "false",
                "isVisibleInEditor": "true",
                "lineVelocity": "x:0 y:0 z:0",
                "localAnchorPoint": "x:0 y:0 z:0",
                "lodData": {
                  "lodModelItem": []
                },
                "lodGroup": "",
                "massCenter": "x:36.6394958496094 y:0 z:11.4114589691162",
                "materialAlpha": "1.0",
                "materialColor": "r:1.0 g:1.0 b:1.0 a:1.0",
                "materialOffset": "x:1 y:1 z:1.0",
                "materialTexture": "part_suliao.tga",
                "mesh": "asset/Mesh/Green Square Area/g2047_3_45_dimian.mesh",
                "metalness": "0",
                "name": "Arena hijau",
                "needSync": "true",
                "originAnchor": "false",
                "partNavMeshType": "1",
                "position": "x:36.6394958496094 y:0 z:11.4114589691162",
                "restitution": "0.3",
                "rotation": "x:0 y:0 z:0",
                "roughness": "0.9",
                "scale": "x:1.32954 y:1.32954 z:1.32954",
                "selectable": "true",
                "staticBatchNo": "1",
                "staticObject": "true",
                "useAnchor": "true",
                "useCollide": "true",
                "useForCollision": "false",
                "useGravity": "false",
                "useLodModel": "false",
                "useTextureAlpha": "false"
              }
            },
            {
              "attributes": [],
              "class": "MeshPart",
              "customProperties": [],
              "properties": {
                "angleVelocity": "x:0 y:0 z:0",
                "autoAnchor": "true",
                "bakeTextureWeight": "1",
                "batchType": "Static",
                "bloom": "false",
                "booleanOperation": "0",
                "btsKey": "7945a716-385a-41f3-945e-b3a3f11769df",
                "cameraCollideEnable": "true",
                "canAcceptShadow": "true",
                "canGenerateShadow": "true",
                "collisionFidelity": "0",
                "collisionGroup": "1",
                "collisionUniqueKey": "",
                "customShapeData": "",
                "customThreshold": "1",
                "density": "2.2",
                "discardAlpha": "0.0",
                "friction": "0.37",
                "id": "8804909503368134657",
                "isLockedInEditor": "false",
                "isVisibleInEditor": "true",
                "lineVelocity": "x:0 y:0 z:0",
                "localAnchorPoint": "x:0 y:0 z:0",
                "lodData": {
                  "lodModelItem": []
                },
                "lodGroup": "",
                "massCenter": "x:36.6764945983887 y:0 z:71.0664825439453",
                "materialAlpha": "1.0",
                "materialColor": "r:1.0 g:1.0 b:1.0 a:1.0",
                "materialOffset": "x:1 y:1 z:1.0",
                "materialTexture": "part_suliao.tga",
                "mesh": "asset/Mesh/Green Square Area/g2047_3_45_dimian.mesh",
                "metalness": "0",
                "name": "Arena hijau",
                "needSync": "true",
                "originAnchor": "false",
                "partNavMeshType": "1",
                "position": "x:36.6764945983887 y:0 z:71.0664825439453",
                "restitution": "0.3",
                "rotation": "x:0 y:0 z:0",
                "roughness": "0.9",
                "scale": "x:1.32954 y:1.32954 z:1.32954",
                "selectable": "true",
                "staticBatchNo": "1",
                "staticObject": "true",
                "useAnchor": "true",
                "useCollide": "true",
                "useForCollision": "false",
                "useGravity": "false",
                "useLodModel": "false",
                "useTextureAlpha": "false"
              }
            }
          ],
          "class": "MeshPart",
          "customProperties": [],
          "properties": {
            "angleVelocity": "x:0 y:0 z:0",
            "autoAnchor": "true",
            "bakeTextureWeight": "1",
            "batchType": "Static",
            "bloom": "false",
            "booleanOperation": "0",
            "btsKey": "41eac0ef-f0cd-4c03-927a-e4aa6c8fb266",
            "cameraCollideEnable": "true",
            "canAcceptShadow": "true",
            "canGenerateShadow": "true",
            "collisionFidelity": "0",
            "collisionGroup": "1",
            "collisionUniqueKey": "",
            "customShapeData": "",
            "customThreshold": "1",
            "density": "2.2",
            "discardAlpha": "0.0",
            "friction": "0.37",
            "id": "8804909503383584769",
            "isLockedInEditor": "false",
            "isVisibleInEditor": "true",
            "lineVelocity": "x:0 y:0 z:0",
            "localAnchorPoint": "x:0 y:0 z:0",
            "lodData": {
              "lodModelItem": []
            },
            "lodGroup": "",
            "massCenter": "x:-23.0335083007812 y:0 z:11.4114589691162",
            "materialAlpha": "1.0",
            "materialColor": "r:1.0 g:1.0 b:1.0 a:1.0",
            "materialOffset": "x:1 y:1 z:1.0",
            "materialTexture": "part_suliao.tga",
            "mesh": "asset/Mesh/Green Square Area/g2047_3_45_dimian.mesh",
            "metalness": "0",
            "name": "Arena hijau",
            "needSync": "true",
            "originAnchor": "false",
            "partNavMeshType": "1",
            "position": "x:-23.0335083007812 y:0 z:11.4114589691162",
            "restitution": "0.3",
            "rotation": "x:0 y:0 z:0",
            "roughness": "0.9",
            "scale": "x:1.32954 y:1.32954 z:1.32954",
            "selectable": "true",
            "staticBatchNo": "1",
            "staticObject": "true",
            "useAnchor": "true",
            "useCollide": "true",
            "useForCollision": "false",
            "useGravity": "false",
            "useLodModel": "false",
            "useTextureAlpha": "false"
          }
        }
      ],
      "class": "Folder",
      "customProperties": [],
      "properties": {
        "aclNames": [],
        "id": "8804909503425576961",
        "isDataSet": "false",
        "isVisibleInEditor": "true",
        "name": "Arena",
        "useForCollision": "false"
      }
    },
    {
      "attributes": [],
      "class": "Entity",
      "config": "myplugin/Musuh 2",
      "customProperties": [],
      "properties": {
        "bakeTextureWeight": "1",
        "batchType": "Static",
        "canAcceptShadow": "true",
        "canGenerateShadow": "true",
        "collisionGroup": "1",
        "id": "8804914067296256001",
        "isVisibleInEditor": "true",
        "name": "Musuh 2",
        "needSync": "true",
        "position": "x:11.7382488250732 y:1.78813934326172e-06 z:42.0706481933594",
        "rotation": "x:0 y:88.9994125366211 z:0",
        "scale": "x:10 y:10 z:10",
        "selectable": "true",
        "useAnchor": "false",
        "useForCollision": "false"
      }
    }
  ],
  "skyBox": [
    {
      "texture": [
        "@asset/Texture/SkyBox/Common2/Sky03_right.png",
        "@asset/Texture/SkyBox/Common2/Sky03_left.png",
        "@asset/Texture/SkyBox/Common2/Sky03_top.png",
        "@asset/Texture/SkyBox/Common2/Sky03_bottom.png",
        "@asset/Texture/SkyBox/Common2/Sky03_back.png",
        "@asset/Texture/SkyBox/Common2/Sky03_front.png"
      ]
    }
  ],
  "skyBoxMode": "static_display",
  "skyBoxRotate": {
    "x": 0,
    "y": 0,
    "z": 0
  },
  "skyBoxTexPixFmt": "RGBA8",
  "skyBoxTexSize": 512,
  "touchPosY": {
    "touchdownPosY": -30,
    "touchupPosY": 720
  },
  "useLod": false
}