{
  "area": [
    [
      0,
      -228
    ],
    [
      0,
      -68
    ],
    [
      0,
      88
    ],
    [
      0,
      88
    ]
  ],
  "area_number": 7,
  "backSwingTime": 0,
  "bodyPitchOffset": [
    270
  ],
  "bodyYawOffset": [
    0
  ],
  "castAction": "",
  "castActionTime": -1,
  "castSound": {
    "loop": false,
    "multiPly": 1,
    "path": "asset/mixkit-falling-hit-757.mp3",
    "selfOnly": false,
    "sound": "@mixkit-falling-hit-757.mp3",
    "volume": 1
  },
  "cdMaskConfig": {
    "AntiClockwise": false,
    "FillPosition": "Top_With360Degree",
    "FillType": "With360Degree",
    "horizontalAlignment": 1,
    "verticalAlignment": 1
  },
  "cdTime": 40,
  "chargeCdMaskConfig": {
    "AntiClockwise": false,
    "FillPosition": "",
    "FillType": "Horizontal",
    "horizontalAlignment": 1,
    "verticalAlignment": 1
  },
  "chargeCdTime": 0,
  "chargeEnableCdMask": false,
  "chargeIsShowCdPoint": false,
  "chargeTimes": 2,
  "consumeVp": 0,
  "customizeSkill": true,
  "draggingEnabled": false,
  "enable_pre": false,
  "enable_rear": false,
  "enableCdMask": true,
  "enableCdTip": true,
  "enableChargeTime": false,
  "enableMoveBrkBackS": false,
  "enableMoveBrkPreS": false,
  "frontSight": "",
  "horizontalAlignment": 2,
  "icon": "@asset/Texture/Skill/common/icon__act.png",
  "icon_pushed": "@asset/Texture/Skill/common/icon__nor.png",
  "ignoreCastSkillBackS": false,
  "ignoreCastSkillPreS": true,
  "ignoreJumpBackS": false,
  "ignoreJumpPreS": false,
  "ignoreMoveBackS": false,
  "ignoreMovePreS": false,
  "isClick": true,
  "isShowCdPoint": false,
  "isTouch": false,
  "missileCfg": [
    "myplugin/Missinl1"
  ],
  "missileCount": 1,
  "preSwingTime": 0,
  "sensitivityFactor": 1,
  "startAction": "",
  "startActionTime": 0,
  "startFrom": "foot",
  "startPitch": [
    0
  ],
  "startPos": [
    {
      "x": 0,
      "y": 1,
      "z": 0
    }
  ],
  "startWait": [
    0
  ],
  "startYaw": [
    0
  ],
  "sustainAction": "",
  "targetType": "BodyYaw",
  "type": "Missile",
  "verticalAlignment": 2
}