{
  "bake_texture_size": 64,
  "blinn": 0,
  "canBreak": true,
  "hdr": 0,
  "hideCloud": true,
  "is_bake_light_effect_visible": false,
  "moveDownGravity": 0.15,
  "scene": [
    {
      "attributes": [],
      "class": "VoxelTerrain",
      "customProperties": [],
      "properties": {
        "__folder_id": "",
        "collisionGroup": "1",
        "id": "26644713697705985",
        "isVisibleInEditor": "true",
        "name": "VoxelTerrain",
        "uniqueKey": "map001",
        "useForCollision": "false"
      }
    },
    {
      "class": "Light",
      "customProperties": [],
      "properties": {
        "bakeTextureWeight": "1",
        "batchType": "Dynamic",
        "canAcceptShadow": "true",
        "canGenerateShadow": "true",
        "id": "8636598139055390721",
        "ID": "0",
        "isVisibleInEditor": "true",
        "lightActived": "true",
        "lightAngle": "30.0",
        "lightBrightness": "1.0",
        "lightColor": "r:1.0 g:1.0 b:1.0 a:1.0",
        "lightLength": "1.0",
        "lightRange": "8.0",
        "lightType": "GlobalLight",
        "lightWidth": "1.0",
        "name": "EnvironmentLight",
        "needSync": "false",
        "position": "x:0 y:0 z:0",
        "rotation": "x:0 y:0 z:0",
        "scale": "x:1 y:1 z:1",
        "selectable": "true",
        "shadowsDistance": "20.0",
        "shadowsIntensity": "1.0",
        "shadowsOffset": "0.02",
        "shadowsPresicion": "1024",
        "shadowsType": "null",
        "skyColor": "r:0.803921568627451 g:0.803921568627451 b:0.803921568627451 a:1.0",
        "skyLineColor": "r:0.796078431372549 g:0.796078431372549 b:0.796078431372549 a:1.0",
        "useAnchor": "false",
        "useForCollision": "false"
      }
    },
    {
      "class": "Light",
      "customProperties": [],
      "properties": {
        "bakeTextureWeight": "1",
        "batchType": "Static",
        "canAcceptShadow": "true",
        "canGenerateShadow": "true",
        "id": "8793970323632685057",
        "ID": "3",
        "isVisibleInEditor": "true",
        "lightActived": "true",
        "lightAngle": "30.0",
        "lightBrightness": "0.76",
        "lightColor": "r:1.0 g:1.0 b:1.0 a:1.0",
        "lightLength": "1.0",
        "lightRange": "8.0",
        "lightType": "DirectionalLight",
        "lightWidth": "1.0",
        "name": "DirectionalLight",
        "needSync": "false",
        "position": "x:0 y:5 z:0",
        "rotation": "x:0 y:-90 z:0",
        "scale": "x:1 y:1 z:1",
        "selectable": "true",
        "shadowsDistance": "20.0",
        "shadowsIntensity": "1.0",
        "shadowsOffset": "0.02",
        "shadowsPresicion": "1024",
        "shadowsType": "null",
        "skyColor": "r:0.498039215686275 g:0.513725490196078 b:0.545098039215686 a:1.0",
        "skyLineColor": "r:0.23921568627451 g:0.227450980392157 b:0.207843137254902 a:1.0",
        "useAnchor": "false",
        "useForCollision": "false"
      }
    },
    {
      "class": "Light",
      "customProperties": [],
      "properties": {
        "bakeTextureWeight": "1",
        "batchType": "Dynamic",
        "canAcceptShadow": "true",
        "canGenerateShadow": "true",
        "id": "8636598139123630081",
        "ID": "0",
        "isVisibleInEditor": "true",
        "lightActived": "true",
        "lightAngle": "90",
        "lightBrightness": "0.3",
        "lightColor": "r:1.0 g:1.0 b:1.0 a:1.0",
        "lightLength": "1.0",
        "lightRange": "60",
        "lightType": "AreaLight",
        "lightWidth": "1.0",
        "name": "AreaLight",
        "needSync": "false",
        "position": "x:9.52100086212158 y:59.9908065795898 z:39.4419784545898",
        "rotation": "x:0 y:0 z:0",
        "scale": "x:1 y:1 z:1",
        "selectable": "true",
        "shadowsDistance": "20.0",
        "shadowsIntensity": "1.0",
        "shadowsOffset": "0.02",
        "shadowsPresicion": "1024",
        "shadowsType": "hard",
        "skyColor": "r:0.498039215686275 g:0.513725490196078 b:0.545098039215686 a:1.0",
        "skyLineColor": "r:0.23921568627451 g:0.227450980392157 b:0.207843137254902 a:1.0",
        "useAnchor": "false",
        "useForCollision": "false"
      }
    },
    {
      "attributes": [],
      "children": [
        {
          "attributes": [],
          "class": "MeshPart",
          "customProperties": [],
          "properties": {
            "angleVelocity": "x:0 y:0 z:0",
            "autoAnchor": "true",
            "bakeTextureWeight": "1",
            "batchType": "Static",
            "bloom": "false",
            "booleanOperation": "0",
            "btsKey": "442be089-0603-4ed2-8d21-c0e263a18a33",
            "cameraCollideEnable": "true",
            "canAcceptShadow": "true",
            "canGenerateShadow": "true",
            "collisionFidelity": "0",
            "collisionGroup": "1",
            "collisionUniqueKey": "",
            "customShapeData": "",
            "customThreshold": "1",
            "density": "2.2",
            "discardAlpha": "0.0",
            "friction": "0.37",
            "id": "8792546500277420033",
            "isLockedInEditor": "false",
            "isVisibleInEditor": "true",
            "lineVelocity": "x:0 y:0 z:0",
            "localAnchorPoint": "x:0 y:0 z:0",
            "lodData": {
              "lodModelItem": []
            },
            "lodGroup": "",
            "massCenter": "x:-59.1523094177246 y:1.0801854133606 z:20.7944793701172",
            "materialAlpha": "1.0",
            "materialColor": "r:1.0 g:1.0 b:1.0 a:1.0",
            "materialOffset": "x:1 y:1 z:1.0",
            "materialTexture": "part_suliao.tga",
            "mesh": "asset/Mesh/Gray Arched Stone Bridge/g2044_7080_bridge01.mesh",
            "metalness": "0",
            "name": "g2044_7080_bridge01.mesh",
            "needSync": "true",
            "originAnchor": "false",
            "partNavMeshType": "1",
            "position": "x:-59.1523094177246 y:1.0801854133606 z:20.7944793701172",
            "restitution": "0.3",
            "rotation": "x:0 y:0 z:0",
            "roughness": "0.9",
            "scale": "x:1 y:1 z:1",
            "selectable": "true",
            "staticBatchNo": "1",
            "staticObject": "true",
            "useAnchor": "true",
            "useCollide": "true",
            "useForCollision": "false",
            "useGravity": "false",
            "useLodModel": "false",
            "useTextureAlpha": "false"
          }
        },
        {
          "attributes": [],
          "children": [
            {
              "attributes": [],
              "class": "MeshPart",
              "customProperties": [],
              "properties": {
                "angleVelocity": "x:0 y:0 z:0",
                "autoAnchor": "true",
                "bakeTextureWeight": "1",
                "batchType": "Static",
                "bloom": "false",
                "booleanOperation": "0",
                "btsKey": "876865ed-5eb6-4192-a95e-c88dd3ad3ae3",
                "cameraCollideEnable": "true",
                "canAcceptShadow": "true",
                "canGenerateShadow": "true",
                "collisionFidelity": "0",
                "collisionGroup": "1",
                "collisionUniqueKey": "",
                "customShapeData": "",
                "customThreshold": "1",
                "density": "2.2",
                "discardAlpha": "0.0",
                "friction": "0.37",
                "id": "8792549493886550017",
                "isLockedInEditor": "false",
                "isVisibleInEditor": "true",
                "lineVelocity": "x:0 y:0 z:0",
                "localAnchorPoint": "x:0 y:0 z:0",
                "lodData": {
                  "lodModelItem": []
                },
                "lodGroup": "",
                "massCenter": "x:-86.5156860351562 y:3.00000023841858 z:20.6750087738037",
                "materialAlpha": "1.0",
                "materialColor": "r:1.0 g:1.0 b:1.0 a:1.0",
                "materialOffset": "x:1 y:1 z:1.0",
                "materialTexture": "part_suliao.tga",
                "mesh": "asset/Mesh/Purple Square Area/g2047_4_21_qiang.mesh",
                "metalness": "0",
                "name": "g2047_4_21_qiang.mesh",
                "needSync": "true",
                "originAnchor": "false",
                "partNavMeshType": "1",
                "position": "x:-86.5156860351562 y:3.00000023841858 z:20.6750087738037",
                "restitution": "0.3",
                "rotation": "x:0 y:0 z:0",
                "roughness": "0.9",
                "scale": "x:1.82378 y:1.82378 z:1.82378",
                "selectable": "true",
                "staticBatchNo": "",
                "staticObject": "true",
                "useAnchor": "true",
                "useCollide": "true",
                "useForCollision": "false",
                "useGravity": "false",
                "useLodModel": "false",
                "useTextureAlpha": "false"
              }
            },
            {
              "attributes": [],
              "class": "MeshPart",
              "customProperties": [],
              "properties": {
                "angleVelocity": "x:0 y:0 z:0",
                "autoAnchor": "true",
                "bakeTextureWeight": "1",
                "batchType": "Static",
                "bloom": "false",
                "booleanOperation": "0",
                "btsKey": "a3c233b1-0337-4cc1-8693-c98215ba8f30",
                "cameraCollideEnable": "true",
                "canAcceptShadow": "true",
                "canGenerateShadow": "true",
                "collisionFidelity": "0",
                "collisionGroup": "1",
                "collisionUniqueKey": "",
                "customShapeData": "",
                "customThreshold": "1",
                "density": "2.2",
                "discardAlpha": "0.0",
                "friction": "0.37",
                "id": "8792550457144967169",
                "isLockedInEditor": "false",
                "isVisibleInEditor": "true",
                "lineVelocity": "x:0 y:0 z:0",
                "localAnchorPoint": "x:0 y:0 z:0",
                "lodData": {
                  "lodModelItem": []
                },
                "lodGroup": "",
                "massCenter": "x:-86.3786010742188 y:3.00000023841858 z:20.9531745910645",
                "materialAlpha": "1.0",
                "materialColor": "r:1.0 g:1.0 b:1.0 a:1.0",
                "materialOffset": "x:1 y:1 z:1.0",
                "materialTexture": "part_suliao.tga",
                "mesh": "asset/Mesh/Purple Square Area/g2047_4_21_boli.mesh",
                "metalness": "0",
                "name": "g2047_4_21_boli.mesh",
                "needSync": "true",
                "originAnchor": "false",
                "partNavMeshType": "1",
                "position": "x:-86.3786010742188 y:3.00000023841858 z:20.9531745910645",
                "restitution": "0.3",
                "rotation": "x:0 y:0 z:0",
                "roughness": "0.9",
                "scale": "x:1.83831 y:1.83831 z:1.83831",
                "selectable": "true",
                "staticBatchNo": "1",
                "staticObject": "true",
                "useAnchor": "true",
                "useCollide": "true",
                "useForCollision": "false",
                "useGravity": "false",
                "useLodModel": "false",
                "useTextureAlpha": "false"
              }
            },
            {
              "attributes": [],
              "children": [
                {
                  "attributes": [],
                  "class": "MeshPart",
                  "customProperties": [],
                  "properties": {
                    "angleVelocity": "x:0 y:0 z:0",
                    "autoAnchor": "true",
                    "bakeTextureWeight": "1",
                    "batchType": "Static",
                    "bloom": "false",
                    "booleanOperation": "0",
                    "btsKey": "96d03569-9f1f-455f-b08b-904855d3c1bf",
                    "cameraCollideEnable": "true",
                    "canAcceptShadow": "true",
                    "canGenerateShadow": "true",
                    "collisionFidelity": "0",
                    "collisionGroup": "1",
                    "collisionUniqueKey": "",
                    "customShapeData": "",
                    "customThreshold": "1",
                    "density": "2.2",
                    "discardAlpha": "0.0",
                    "friction": "0.37",
                    "id": "8792569744235282433",
                    "isLockedInEditor": "false",
                    "isVisibleInEditor": "true",
                    "lineVelocity": "x:0 y:0 z:0",
                    "localAnchorPoint": "x:0 y:0 z:0",
                    "lodData": {
                      "lodModelItem": []
                    },
                    "lodGroup": "",
                    "massCenter": "x:-89.1111450195312 y:2.89952349662781 z:40.2185516357422",
                    "materialAlpha": "1.0",
                    "materialColor": "r:1.0 g:1.0 b:1.0 a:1.0",
                    "materialOffset": "x:1 y:1 z:1.0",
                    "materialTexture": "part_suliao.tga",
                    "mesh": "asset/Mesh/White Double Sliding Door/g2035_building_policehouse_r_1.mesh",
                    "metalness": "0",
                    "name": "Door",
                    "needSync": "true",
                    "originAnchor": "false",
                    "partNavMeshType": "1",
                    "position": "x:-89.1111450195312 y:2.89952349662781 z:40.2185516357422",
                    "restitution": "0.3",
                    "rotation": "x:0 y:-179.999984741211 z:0",
                    "roughness": "0.9",
                    "scale": "x:2.83468 y:2.83468 z:2.83468",
                    "selectable": "true",
                    "staticBatchNo": "1",
                    "staticObject": "true",
                    "useAnchor": "true",
                    "useCollide": "true",
                    "useForCollision": "false",
                    "useGravity": "false",
                    "useLodModel": "false",
                    "useTextureAlpha": "false"
                  }
                }
              ],
              "class": "MeshPart",
              "customProperties": [],
              "properties": {
                "angleVelocity": "x:0 y:0 z:0",
                "autoAnchor": "true",
                "bakeTextureWeight": "1",
                "batchType": "Static",
                "bloom": "false",
                "booleanOperation": "0",
                "btsKey": "6dda4e2c-d142-4166-bc75-d769d7917219",
                "cameraCollideEnable": "true",
                "canAcceptShadow": "true",
                "canGenerateShadow": "true",
                "collisionFidelity": "0",
                "collisionGroup": "1",
                "collisionUniqueKey": "",
                "customShapeData": "",
                "customThreshold": "1",
                "density": "2.2",
                "discardAlpha": "0.0",
                "friction": "0.37",
                "id": "8792569744247783425",
                "isLockedInEditor": "false",
                "isVisibleInEditor": "true",
                "lineVelocity": "x:0 y:0 z:0",
                "localAnchorPoint": "x:0 y:0 z:0",
                "lodData": {
                  "lodModelItem": []
                },
                "lodGroup": "",
                "massCenter": "x:-84.0430145263672 y:2.90253019332886 z:40.2737426757812",
                "materialAlpha": "1.0",
                "materialColor": "r:1.0 g:1.0 b:1.0 a:1.0",
                "materialOffset": "x:1 y:1 z:1.0",
                "materialTexture": "part_suliao.tga",
                "mesh": "asset/Mesh/White Double Sliding Door/g2035_building_policehouse_r_1.mesh",
                "metalness": "0",
                "name": "Door",
                "needSync": "true",
                "originAnchor": "false",
                "partNavMeshType": "1",
                "position": "x:-84.0430145263672 y:2.90253019332886 z:40.2737426757812",
                "restitution": "0.3",
                "rotation": "x:0 y:0 z:0",
                "roughness": "0.9",
                "scale": "x:2.83468 y:2.83468 z:2.83468",
                "selectable": "true",
                "staticBatchNo": "1",
                "staticObject": "true",
                "useAnchor": "true",
                "useCollide": "true",
                "useForCollision": "false",
                "useGravity": "false",
                "useLodModel": "false",
                "useTextureAlpha": "false"
              }
            },
            {
              "attributes": [],
              "children": [
                {
                  "attributes": [],
                  "class": "MeshPart",
                  "customProperties": [],
                  "properties": {
                    "angleVelocity": "x:0 y:0 z:0",
                    "autoAnchor": "true",
                    "bakeTextureWeight": "1",
                    "batchType": "Static",
                    "bloom": "false",
                    "booleanOperation": "0",
                    "btsKey": "96d03569-9f1f-455f-b08b-904855d3c1bf",
                    "cameraCollideEnable": "true",
                    "canAcceptShadow": "true",
                    "canGenerateShadow": "true",
                    "collisionFidelity": "0",
                    "collisionGroup": "1",
                    "collisionUniqueKey": "",
                    "customShapeData": "",
                    "customThreshold": "1",
                    "density": "2.2",
                    "discardAlpha": "0.0",
                    "friction": "0.37",
                    "id": "8792570172273819649",
                    "isLockedInEditor": "false",
                    "isVisibleInEditor": "true",
                    "lineVelocity": "x:0 y:0 z:0",
                    "localAnchorPoint": "x:0 y:0 z:0",
                    "lodData": {
                      "lodModelItem": []
                    },
                    "lodGroup": "",
                    "massCenter": "x:-105.544189453125 y:2.89952349662781 z:23.5488510131836",
                    "materialAlpha": "1.0",
                    "materialColor": "r:1.0 g:1.0 b:1.0 a:1.0",
                    "materialOffset": "x:1 y:1 z:1.0",
                    "materialTexture": "part_suliao.tga",
                    "mesh": "asset/Mesh/White Double Sliding Door/g2035_building_policehouse_r_1.mesh",
                    "metalness": "0",
                    "name": "Door",
                    "needSync": "true",
                    "originAnchor": "false",
                    "partNavMeshType": "1",
                    "position": "x:-105.544189453125 y:2.89952349662781 z:23.5488510131836",
                    "restitution": "0.3",
                    "rotation": "x:0 y:-89.9999847412109 z:0",
                    "roughness": "0.9",
                    "scale": "x:2.83468 y:2.83468 z:2.83468",
                    "selectable": "true",
                    "staticBatchNo": "1",
                    "staticObject": "true",
                    "useAnchor": "true",
                    "useCollide": "true",
                    "useForCollision": "false",
                    "useGravity": "false",
                    "useLodModel": "false",
                    "useTextureAlpha": "false"
                  }
                }
              ],
              "class": "MeshPart",
              "customProperties": [],
              "properties": {
                "angleVelocity": "x:0 y:0 z:0",
                "autoAnchor": "true",
                "bakeTextureWeight": "1",
                "batchType": "Static",
                "bloom": "false",
                "booleanOperation": "0",
                "btsKey": "02b80dbc-f25f-40db-b077-5b69a697d68a",
                "cameraCollideEnable": "true",
                "canAcceptShadow": "true",
                "canGenerateShadow": "true",
                "collisionFidelity": "0",
                "collisionGroup": "1",
                "collisionUniqueKey": "",
                "customShapeData": "",
                "customThreshold": "1",
                "density": "2.2",
                "discardAlpha": "0.0",
                "friction": "0.37",
                "id": "8792570172286500865",
                "isLockedInEditor": "false",
                "isVisibleInEditor": "true",
                "lineVelocity": "x:0 y:0 z:0",
                "localAnchorPoint": "x:0 y:0 z:0",
                "lodData": {
                  "lodModelItem": []
                },
                "lodGroup": "",
                "massCenter": "x:-105.488998413086 y:2.90253019332886 z:18.4807186126709",
                "materialAlpha": "1.0",
                "materialColor": "r:1.0 g:1.0 b:1.0 a:1.0",
                "materialOffset": "x:1 y:1 z:1.0",
                "materialTexture": "part_suliao.tga",
                "mesh": "asset/Mesh/White Double Sliding Door/g2035_building_policehouse_r_1.mesh",
                "metalness": "0",
                "name": "Door",
                "needSync": "true",
                "originAnchor": "false",
                "partNavMeshType": "1",
                "position": "x:-105.488998413086 y:2.90253019332886 z:18.4807186126709",
                "restitution": "0.3",
                "rotation": "x:0 y:90 z:0",
                "roughness": "0.9",
                "scale": "x:2.83468 y:2.83468 z:2.83468",
                "selectable": "true",
                "staticBatchNo": "1",
                "staticObject": "true",
                "useAnchor": "true",
                "useCollide": "true",
                "useForCollision": "false",
                "useGravity": "false",
                "useLodModel": "false",
                "useTextureAlpha": "false"
              }
            },
            {
              "attributes": [],
              "children": [
                {
                  "attributes": [],
                  "class": "MeshPart",
                  "customProperties": [],
                  "properties": {
                    "angleVelocity": "x:0 y:0 z:0",
                    "autoAnchor": "true",
                    "bakeTextureWeight": "1",
                    "batchType": "Static",
                    "bloom": "false",
                    "booleanOperation": "0",
                    "btsKey": "96d03569-9f1f-455f-b08b-904855d3c1bf",
                    "cameraCollideEnable": "true",
                    "canAcceptShadow": "true",
                    "canGenerateShadow": "true",
                    "collisionFidelity": "0",
                    "collisionGroup": "1",
                    "collisionUniqueKey": "",
                    "customShapeData": "",
                    "customThreshold": "1",
                    "density": "2.2",
                    "discardAlpha": "0.0",
                    "friction": "0.37",
                    "id": "8792568042685513729",
                    "isLockedInEditor": "false",
                    "isVisibleInEditor": "true",
                    "lineVelocity": "x:0 y:0 z:0",
                    "localAnchorPoint": "x:0 y:0 z:0",
                    "lodData": {
                      "lodModelItem": []
                    },
                    "lodGroup": "",
                    "massCenter": "x:-89.1111450195312 y:2.89952349662781 z:1.48353016376495",
                    "materialAlpha": "1.0",
                    "materialColor": "r:1.0 g:1.0 b:1.0 a:1.0",
                    "materialOffset": "x:1 y:1 z:1.0",
                    "materialTexture": "part_suliao.tga",
                    "mesh": "asset/Mesh/White Double Sliding Door/g2035_building_policehouse_r_1.mesh",
                    "metalness": "0",
                    "name": "Door",
                    "needSync": "true",
                    "originAnchor": "false",
                    "partNavMeshType": "1",
                    "position": "x:-89.1111450195312 y:2.89952349662781 z:1.48353016376495",
                    "restitution": "0.3",
                    "rotation": "x:0 y:180 z:0",
                    "roughness": "0.9",
                    "scale": "x:2.83468 y:2.83468 z:2.83468",
                    "selectable": "true",
                    "staticBatchNo": "1",
                    "staticObject": "true",
                    "useAnchor": "true",
                    "useCollide": "true",
                    "useForCollision": "false",
                    "useGravity": "false",
                    "useLodModel": "false",
                    "useTextureAlpha": "false"
                  }
                }
              ],
              "class": "MeshPart",
              "customProperties": [],
              "properties": {
                "angleVelocity": "x:0 y:0 z:0",
                "autoAnchor": "true",
                "bakeTextureWeight": "1",
                "batchType": "Static",
                "bloom": "false",
                "booleanOperation": "0",
                "btsKey": "949c3026-3ae1-41fd-9706-2a1a6d284fe0",
                "cameraCollideEnable": "true",
                "canAcceptShadow": "true",
                "canGenerateShadow": "true",
                "collisionFidelity": "0",
                "collisionGroup": "1",
                "collisionUniqueKey": "",
                "customShapeData": "",
                "customThreshold": "1",
                "density": "2.2",
                "discardAlpha": "0.0",
                "friction": "0.37",
                "id": "8792566272014729217",
                "isLockedInEditor": "false",
                "isVisibleInEditor": "true",
                "lineVelocity": "x:0 y:0 z:0",
                "localAnchorPoint": "x:0 y:0 z:0",
                "lodData": {
                  "lodModelItem": []
                },
                "lodGroup": "",
                "massCenter": "x:-84.0430145263672 y:2.90253019332886 z:1.53872203826904",
                "materialAlpha": "1.0",
                "materialColor": "r:1.0 g:1.0 b:1.0 a:1.0",
                "materialOffset": "x:1 y:1 z:1.0",
                "materialTexture": "part_suliao.tga",
                "mesh": "asset/Mesh/White Double Sliding Door/g2035_building_policehouse_r_1.mesh",
                "metalness": "0",
                "name": "Door",
                "needSync": "true",
                "originAnchor": "false",
                "partNavMeshType": "1",
                "position": "x:-84.0430145263672 y:2.90253019332886 z:1.53872203826904",
                "restitution": "0.3",
                "rotation": "x:0 y:0 z:0",
                "roughness": "0.9",
                "scale": "x:2.83468 y:2.83468 z:2.83468",
                "selectable": "true",
                "staticBatchNo": "1",
                "staticObject": "true",
                "useAnchor": "true",
                "useCollide": "true",
                "useForCollision": "false",
                "useGravity": "false",
                "useLodModel": "false",
                "useTextureAlpha": "false"
              }
            }
          ],
          "class": "MeshPart",
          "customProperties": [],
          "properties": {
            "angleVelocity": "x:0 y:0 z:0",
            "autoAnchor": "true",
            "bakeTextureWeight": "1",
            "batchType": "Static",
            "bloom": "false",
            "booleanOperation": "0",
            "btsKey": "b0bd8034-7caa-4075-b4b4-ed60f8a312dd",
            "cameraCollideEnable": "true",
            "canAcceptShadow": "true",
            "canGenerateShadow": "true",
            "collisionFidelity": "0",
            "collisionGroup": "1",
            "collisionUniqueKey": "",
            "customShapeData": "",
            "customThreshold": "1",
            "density": "2.2",
            "discardAlpha": "0.0",
            "friction": "0.37",
            "id": "8792548044842008577",
            "isLockedInEditor": "false",
            "isVisibleInEditor": "true",
            "lineVelocity": "x:0 y:0 z:0",
            "localAnchorPoint": "x:0 y:0 z:0",
            "lodData": {
              "lodModelItem": []
            },
            "lodGroup": "",
            "massCenter": "x:-86.2316589355469 y:0 z:20.5082530975342",
            "materialAlpha": "1.0",
            "materialColor": "r:1.0 g:1.0 b:1.0 a:1.0",
            "materialOffset": "x:1 y:1 z:1.0",
            "materialTexture": "part_suliao.tga",
            "mesh": "asset/Mesh/Purple Square Area/g2047_4_21_dimian.mesh",
            "metalness": "0",
            "name": "Arena Pink",
            "needSync": "true",
            "originAnchor": "false",
            "partNavMeshType": "1",
            "position": "x:-86.2316589355469 y:0 z:20.5082530975342",
            "restitution": "0.3",
            "rotation": "x:0 y:0 z:0",
            "roughness": "0.9",
            "scale": "x:1.88679 y:1.88679 z:1.88679",
            "selectable": "true",
            "staticBatchNo": "",
            "staticObject": "true",
            "useAnchor": "true",
            "useCollide": "true",
            "useForCollision": "false",
            "useGravity": "false",
            "useLodModel": "false",
            "useTextureAlpha": "false"
          }
        },
        {
          "attributes": [],
          "children": [
            {
              "attributes": [],
              "class": "MeshPart",
              "customProperties": [],
              "properties": {
                "angleVelocity": "x:0 y:0 z:0",
                "autoAnchor": "true",
                "bakeTextureWeight": "1",
                "batchType": "Static",
                "bloom": "false",
                "booleanOperation": "0",
                "btsKey": "9deae484-6bbb-4b52-8fdf-b676413ffbc4",
                "cameraCollideEnable": "true",
                "canAcceptShadow": "true",
                "canGenerateShadow": "true",
                "collisionFidelity": "0",
                "collisionGroup": "1",
                "collisionUniqueKey": "",
                "customShapeData": "",
                "customThreshold": "1",
                "density": "2.2",
                "discardAlpha": "0.0",
                "friction": "0.37",
                "id": "8793734703237840897",
                "isLockedInEditor": "false",
                "isVisibleInEditor": "true",
                "lineVelocity": "x:0 y:0 z:0",
                "localAnchorPoint": "x:0 y:0 z:0",
                "lodData": {
                  "lodModelItem": []
                },
                "lodGroup": "",
                "massCenter": "x:-23.0335083007812 y:0 z:71.0224685668945",
                "materialAlpha": "1.0",
                "materialColor": "r:1.0 g:1.0 b:1.0 a:1.0",
                "materialOffset": "x:1 y:1 z:1.0",
                "materialTexture": "part_suliao.tga",
                "mesh": "asset/Mesh/Green Square Area/g2047_3_45_dimian.mesh",
                "metalness": "0",
                "name": "Arena hijau",
                "needSync": "true",
                "originAnchor": "false",
                "partNavMeshType": "1",
                "position": "x:-23.0335083007812 y:0 z:71.0224685668945",
                "restitution": "0.3",
                "rotation": "x:0 y:0 z:0",
                "roughness": "0.9",
                "scale": "x:1.32954 y:1.32954 z:1.32954",
                "selectable": "true",
                "staticBatchNo": "1",
                "staticObject": "true",
                "useAnchor": "true",
                "useCollide": "true",
                "useForCollision": "false",
                "useGravity": "false",
                "useLodModel": "false",
                "useTextureAlpha": "false"
              }
            },
            {
              "attributes": [],
              "class": "MeshPart",
              "customProperties": [],
              "properties": {
                "angleVelocity": "x:0 y:0 z:0",
                "autoAnchor": "true",
                "bakeTextureWeight": "1",
                "batchType": "Static",
                "bloom": "false",
                "booleanOperation": "0",
                "btsKey": "2e619590-ae90-40c1-9bfb-2f6e0cf16bed",
                "cameraCollideEnable": "true",
                "canAcceptShadow": "true",
                "canGenerateShadow": "true",
                "collisionFidelity": "0",
                "collisionGroup": "1",
                "collisionUniqueKey": "",
                "customShapeData": "",
                "customThreshold": "1",
                "density": "2.2",
                "discardAlpha": "0.0",
                "friction": "0.37",
                "id": "8793734942946656257",
                "isLockedInEditor": "false",
                "isVisibleInEditor": "true",
                "lineVelocity": "x:0 y:0 z:0",
                "localAnchorPoint": "x:0 y:0 z:0",
                "lodData": {
                  "lodModelItem": []
                },
                "lodGroup": "",
                "massCenter": "x:36.6394958496094 y:0 z:11.4114589691162",
                "materialAlpha": "1.0",
                "materialColor": "r:1.0 g:1.0 b:1.0 a:1.0",
                "materialOffset": "x:1 y:1 z:1.0",
                "materialTexture": "part_suliao.tga",
                "mesh": "asset/Mesh/Green Square Area/g2047_3_45_dimian.mesh",
                "metalness": "0",
                "name": "Arena hijau",
                "needSync": "true",
                "originAnchor": "false",
                "partNavMeshType": "1",
                "position": "x:36.6394958496094 y:0 z:11.4114589691162",
                "restitution": "0.3",
                "rotation": "x:0 y:0 z:0",
                "roughness": "0.9",
                "scale": "x:1.32954 y:1.32954 z:1.32954",
                "selectable": "true",
                "staticBatchNo": "1",
                "staticObject": "true",
                "useAnchor": "true",
                "useCollide": "true",
                "useForCollision": "false",
                "useGravity": "false",
                "useLodModel": "false",
                "useTextureAlpha": "false"
              }
            },
            {
              "attributes": [],
              "class": "MeshPart",
              "customProperties": [],
              "properties": {
                "angleVelocity": "x:0 y:0 z:0",
                "autoAnchor": "true",
                "bakeTextureWeight": "1",
                "batchType": "Static",
                "bloom": "false",
                "booleanOperation": "0",
                "btsKey": "7945a716-385a-41f3-945e-b3a3f11769df",
                "cameraCollideEnable": "true",
                "canAcceptShadow": "true",
                "canGenerateShadow": "true",
                "collisionFidelity": "0",
                "collisionGroup": "1",
                "collisionUniqueKey": "",
                "customShapeData": "",
                "customThreshold": "1",
                "density": "2.2",
                "discardAlpha": "0.0",
                "friction": "0.37",
                "id": "8793735398321127425",
                "isLockedInEditor": "false",
                "isVisibleInEditor": "true",
                "lineVelocity": "x:0 y:0 z:0",
                "localAnchorPoint": "x:0 y:0 z:0",
                "lodData": {
                  "lodModelItem": []
                },
                "lodGroup": "",
                "massCenter": "x:36.6764945983887 y:0 z:71.0664825439453",
                "materialAlpha": "1.0",
                "materialColor": "r:1.0 g:1.0 b:1.0 a:1.0",
                "materialOffset": "x:1 y:1 z:1.0",
                "materialTexture": "part_suliao.tga",
                "mesh": "asset/Mesh/Green Square Area/g2047_3_45_dimian.mesh",
                "metalness": "0",
                "name": "Arena hijau",
                "needSync": "true",
                "originAnchor": "false",
                "partNavMeshType": "1",
                "position": "x:36.6764945983887 y:0 z:71.0664825439453",
                "restitution": "0.3",
                "rotation": "x:0 y:0 z:0",
                "roughness": "0.9",
                "scale": "x:1.32954 y:1.32954 z:1.32954",
                "selectable": "true",
                "staticBatchNo": "1",
                "staticObject": "true",
                "useAnchor": "true",
                "useCollide": "true",
                "useForCollision": "false",
                "useGravity": "false",
                "useLodModel": "false",
                "useTextureAlpha": "false"
              }
            }
          ],
          "class": "MeshPart",
          "customProperties": [],
          "properties": {
            "angleVelocity": "x:0 y:0 z:0",
            "autoAnchor": "true",
            "bakeTextureWeight": "1",
            "batchType": "Static",
            "bloom": "false",
            "booleanOperation": "0",
            "btsKey": "41eac0ef-f0cd-4c03-927a-e4aa6c8fb266",
            "cameraCollideEnable": "true",
            "canAcceptShadow": "true",
            "canGenerateShadow": "true",
            "collisionFidelity": "0",
            "collisionGroup": "1",
            "collisionUniqueKey": "",
            "customShapeData": "",
            "customThreshold": "1",
            "density": "2.2",
            "discardAlpha": "0.0",
            "friction": "0.37",
            "id": "8792522242854469633",
            "isLockedInEditor": "false",
            "isVisibleInEditor": "true",
            "lineVelocity": "x:0 y:0 z:0",
            "localAnchorPoint": "x:0 y:0 z:0",
            "lodData": {
              "lodModelItem": []
            },
            "lodGroup": "",
            "massCenter": "x:-23.0335083007812 y:0 z:11.4114589691162",
            "materialAlpha": "1.0",
            "materialColor": "r:1.0 g:1.0 b:1.0 a:1.0",
            "materialOffset": "x:1 y:1 z:1.0",
            "materialTexture": "part_suliao.tga",
            "mesh": "asset/Mesh/Green Square Area/g2047_3_45_dimian.mesh",
            "metalness": "0",
            "name": "Arena hijau",
            "needSync": "true",
            "originAnchor": "false",
            "partNavMeshType": "1",
            "position": "x:-23.0335083007812 y:0 z:11.4114589691162",
            "restitution": "0.3",
            "rotation": "x:0 y:0 z:0",
            "roughness": "0.9",
            "scale": "x:1.32954 y:1.32954 z:1.32954",
            "selectable": "true",
            "staticBatchNo": "1",
            "staticObject": "true",
            "useAnchor": "true",
            "useCollide": "true",
            "useForCollision": "false",
            "useGravity": "false",
            "useLodModel": "false",
            "useTextureAlpha": "false"
          }
        },
        {
          "attributes": [],
          "class": "Entity",
          "config": "myplugin/dekorasi tengah",
          "customProperties": [],
          "properties": {
            "bakeTextureWeight": "1",
            "batchType": "Static",
            "canAcceptShadow": "true",
            "canGenerateShadow": "true",
            "collisionGroup": "1",
            "id": "8793978882137243649",
            "isVisibleInEditor": "true",
            "name": "dekorasi tengah",
            "needSync": "true",
            "position": "x:7.39701509475708 y:0.146000012755394 z:41.0852241516113",
            "rotation": "x:0 y:0 z:0",
            "scale": "x:1 y:1 z:1",
            "selectable": "true",
            "useAnchor": "false",
            "useForCollision": "false"
          }
        }
      ],
      "class": "Folder",
      "customProperties": [],
      "properties": {
        "aclNames": [],
        "id": "8792549011689259009",
        "isDataSet": "false",
        "isVisibleInEditor": "true",
        "name": "Arena",
        "useForCollision": "false"
      }
    },
    {
      "attributes": [],
      "children": [
        {
          "attributes": [],
          "class": "Part",
          "customProperties": [],
          "properties": {
            "angleVelocity": "x:0 y:0 z:0",
            "bakeTextureWeight": "1",
            "batchType": "Static",
            "bloom": "false",
            "booleanOperation": "0",
            "btsKey": "0dce1d89-8696-40b8-b853-abbfb3cddf96",
            "cameraCollideEnable": "true",
            "canAcceptShadow": "true",
            "canGenerateShadow": "true",
            "collisionFidelity": "0",
            "collisionGroup": "1",
            "collisionUniqueKey": "",
            "customThreshold": "1",
            "density": "5.5",
            "discardAlpha": "0.0",
            "friction": "0.56",
            "id": "8793754874508738561",
            "isLockedInEditor": "false",
            "isVisibleInEditor": "true",
            "lineVelocity": "x:0 y:0 z:0",
            "massCenter": "x:6.776207447052 y:5.40700054168701 z:-18.0229206085205",
            "materialAlpha": "1.0",
            "materialColor": "r:1.0 g:1.0 b:1.0 a:1.0",
            "materialOffset": "x:1 y:1 z:1.0",
            "materialTexture": "part_huawenban.tga",
            "name": "Part",
            "needSync": "true",
            "partNavMeshType": "1",
            "position": "x:6.776207447052 y:5.40700054168701 z:-18.0229206085205",
            "restitution": "0.07",
            "rotation": "x:0 y:0 z:0",
            "scale": "x:119.147 y:10.8139 z:0.999971",
            "selectable": "true",
            "shape": "1",
            "staticBatchNo": "auto_batch_0",
            "staticObject": "true",
            "useAnchor": "true",
            "useCollide": "true",
            "useForCollision": "false",
            "useGravity": "false",
            "useTextureAlpha": "false"
          }
        },
        {
          "attributes": [],
          "class": "Part",
          "customProperties": [],
          "properties": {
            "angleVelocity": "x:0 y:0 z:0",
            "bakeTextureWeight": "1",
            "batchType": "Static",
            "bloom": "false",
            "booleanOperation": "0",
            "btsKey": "0f14ee4e-e0e6-4875-90c7-264541491a9e",
            "cameraCollideEnable": "true",
            "canAcceptShadow": "true",
            "canGenerateShadow": "true",
            "collisionFidelity": "0",
            "collisionGroup": "1",
            "collisionUniqueKey": "",
            "customThreshold": "1",
            "density": "5.5",
            "discardAlpha": "0.0",
            "friction": "0.56",
            "id": "8793756463444525057",
            "isLockedInEditor": "false",
            "isVisibleInEditor": "true",
            "lineVelocity": "x:0 y:0 z:0",
            "massCenter": "x:7.32413625717163 y:5.40694856643677 z:100.370407104492",
            "materialAlpha": "1.0",
            "materialColor": "r:1.0 g:1.0 b:1.0 a:1.0",
            "materialOffset": "x:1 y:1 z:1.0",
            "materialTexture": "part_huawenban.tga",
            "name": "Part",
            "needSync": "true",
            "partNavMeshType": "1",
            "position": "x:7.32413625717163 y:5.40694856643677 z:100.370407104492",
            "restitution": "0.07",
            "rotation": "x:0 y:0 z:0",
            "scale": "x:119.147 y:10.8139 z:0.999971",
            "selectable": "true",
            "shape": "1",
            "staticBatchNo": "auto_batch_0",
            "staticObject": "true",
            "useAnchor": "true",
            "useCollide": "true",
            "useForCollision": "false",
            "useGravity": "false",
            "useTextureAlpha": "false"
          }
        },
        {
          "attributes": [],
          "class": "Part",
          "customProperties": [],
          "properties": {
            "angleVelocity": "x:0 y:0 z:0",
            "bakeTextureWeight": "1",
            "batchType": "Static",
            "bloom": "false",
            "booleanOperation": "0",
            "btsKey": "c9666dd8-bc61-4f40-8521-6b71ca4bd325",
            "cameraCollideEnable": "true",
            "canAcceptShadow": "true",
            "canGenerateShadow": "true",
            "collisionFidelity": "0",
            "collisionGroup": "1",
            "collisionUniqueKey": "",
            "customThreshold": "1",
            "density": "5.5",
            "discardAlpha": "0.0",
            "friction": "0.56",
            "id": "8793756515091857409",
            "isLockedInEditor": "false",
            "isVisibleInEditor": "true",
            "lineVelocity": "x:0 y:0 z:0",
            "massCenter": "x:66.4831085205078 y:5.40694952011108 z:40.7878379821777",
            "materialAlpha": "1.0",
            "materialColor": "r:1.0 g:1.0 b:1.0 a:1.0",
            "materialOffset": "x:1 y:1 z:1.0",
            "materialTexture": "part_huawenban.tga",
            "name": "Part",
            "needSync": "true",
            "partNavMeshType": "1",
            "position": "x:66.4831085205078 y:5.40694952011108 z:40.7878379821777",
            "restitution": "0.07",
            "rotation": "x:0 y:-90 z:0",
            "scale": "x:119.147 y:10.8139 z:0.999971",
            "selectable": "true",
            "shape": "1",
            "staticBatchNo": "auto_batch_0",
            "staticObject": "true",
            "useAnchor": "true",
            "useCollide": "true",
            "useForCollision": "false",
            "useGravity": "false",
            "useTextureAlpha": "false"
          }
        },
        {
          "attributes": [],
          "class": "Part",
          "customProperties": [],
          "properties": {
            "angleVelocity": "x:0 y:0 z:0",
            "bakeTextureWeight": "1",
            "batchType": "Static",
            "bloom": "false",
            "booleanOperation": "0",
            "btsKey": "67fff2e6-531f-4146-9998-e753b70dcb66",
            "cameraCollideEnable": "true",
            "canAcceptShadow": "true",
            "canGenerateShadow": "true",
            "collisionFidelity": "0",
            "collisionGroup": "1",
            "collisionUniqueKey": "",
            "customThreshold": "1",
            "density": "5.5",
            "discardAlpha": "0.0",
            "friction": "0.56",
            "id": "8793759255010689025",
            "isLockedInEditor": "false",
            "isVisibleInEditor": "true",
            "lineVelocity": "x:0 y:0 z:0",
            "massCenter": "x:-52.289665222168 y:22.1049556732178 z:63.2037010192871",
            "materialAlpha": "1.0",
            "materialColor": "r:1.0 g:1.0 b:1.0 a:1.0",
            "materialOffset": "x:1 y:1 z:1.0",
            "materialTexture": "part_huawenban.tga",
            "name": "Part",
            "needSync": "true",
            "partNavMeshType": "1",
            "position": "x:-52.289665222168 y:22.1049556732178 z:63.2037010192871",
            "restitution": "0.07",
            "rotation": "x:0 y:-90 z:0",
            "scale": "x:75.1428 y:44.2094 z:0.999936",
            "selectable": "true",
            "shape": "1",
            "staticBatchNo": "auto_batch_0",
            "staticObject": "true",
            "useAnchor": "true",
            "useCollide": "true",
            "useForCollision": "false",
            "useGravity": "false",
            "useTextureAlpha": "false"
          }
        },
        {
          "attributes": [],
          "class": "Part",
          "customProperties": [],
          "properties": {
            "angleVelocity": "x:0 y:0 z:0",
            "bakeTextureWeight": "1",
            "batchType": "Static",
            "bloom": "false",
            "booleanOperation": "0",
            "btsKey": "24157756-6704-4ea2-b2a4-b9fccfabe7bd",
            "cameraCollideEnable": "true",
            "canAcceptShadow": "true",
            "canGenerateShadow": "true",
            "collisionFidelity": "0",
            "collisionGroup": "1",
            "collisionUniqueKey": "",
            "customThreshold": "1",
            "density": "5.5",
            "discardAlpha": "0.0",
            "friction": "0.56",
            "id": "8793760441039110145",
            "isLockedInEditor": "false",
            "isVisibleInEditor": "true",
            "lineVelocity": "x:0 y:0 z:0",
            "massCenter": "x:-52.3453674316406 y:22.1188468933105 z:-1.01676535606384",
            "materialAlpha": "1.0",
            "materialColor": "r:1.0 g:1.0 b:1.0 a:1.0",
            "materialOffset": "x:1 y:1 z:1.0",
            "materialTexture": "part_huawenban.tga",
            "name": "Part",
            "needSync": "true",
            "partNavMeshType": "1",
            "position": "x:-52.3453674316406 y:22.1188468933105 z:-1.01676535606384",
            "restitution": "0.07",
            "rotation": "x:0 y:-90 z:0",
            "scale": "x:34.5314 y:44.2372 z:0.999915",
            "selectable": "true",
            "shape": "1",
            "staticBatchNo": "auto_batch_0",
            "staticObject": "true",
            "useAnchor": "true",
            "useCollide": "true",
            "useForCollision": "false",
            "useGravity": "false",
            "useTextureAlpha": "false"
          }
        },
        {
          "attributes": [],
          "class": "Part",
          "customProperties": [],
          "properties": {
            "angleVelocity": "x:0 y:0 z:0",
            "bakeTextureWeight": "1",
            "batchType": "Static",
            "bloom": "false",
            "booleanOperation": "0",
            "btsKey": "af3403f3-53c4-4141-9cc5-db5cd50ebeba",
            "cameraCollideEnable": "true",
            "canAcceptShadow": "true",
            "canGenerateShadow": "true",
            "collisionFidelity": "0",
            "collisionGroup": "1",
            "collisionUniqueKey": "",
            "customThreshold": "1",
            "density": "5.5",
            "discardAlpha": "0.0",
            "friction": "0.56",
            "id": "8793766818044903425",
            "isLockedInEditor": "false",
            "isVisibleInEditor": "true",
            "lineVelocity": "x:0 y:0 z:0",
            "massCenter": "x:-52.3204383850098 y:29.4284934997559 z:17.6625347137451",
            "materialAlpha": "1.0",
            "materialColor": "r:1.0 g:1.0 b:1.0 a:1.0",
            "materialOffset": "x:1 y:1 z:1.0",
            "materialTexture": "part_huawenban.tga",
            "name": "Part",
            "needSync": "true",
            "partNavMeshType": "1",
            "position": "x:-52.3204383850098 y:29.4284934997559 z:17.6625347137451",
            "restitution": "0.07",
            "rotation": "x:0 y:-90 z:0",
            "scale": "x:69.5091 y:29.6312 z:0.999924",
            "selectable": "true",
            "shape": "1",
            "staticBatchNo": "auto_batch_0",
            "staticObject": "true",
            "useAnchor": "true",
            "useCollide": "true",
            "useForCollision": "false",
            "useGravity": "false",
            "useTextureAlpha": "false"
          }
        }
      ],
      "class": "Folder",
      "customProperties": [],
      "properties": {
        "aclNames": [],
        "id": "8793758880020692993",
        "isDataSet": "false",
        "isVisibleInEditor": "true",
        "name": "Tembok",
        "useForCollision": "false"
      }
    },
    {
      "attributes": [],
      "children": [
        {
          "attributes": [],
          "class": "MeshPart",
          "customProperties": [],
          "properties": {
            "angleVelocity": "x:0 y:0 z:0",
            "autoAnchor": "true",
            "bakeTextureWeight": "1",
            "batchType": "Static",
            "bloom": "false",
            "booleanOperation": "0",
            "btsKey": "04284b7c-6ebc-4582-ae9f-6e2b23d17d07",
            "cameraCollideEnable": "true",
            "canAcceptShadow": "true",
            "canGenerateShadow": "true",
            "collisionFidelity": "0",
            "collisionGroup": "1",
            "collisionUniqueKey": "",
            "customShapeData": "",
            "customThreshold": "1",
            "density": "2.2",
            "discardAlpha": "0.0",
            "friction": "0.37",
            "id": "8793762722871197697",
            "isLockedInEditor": "false",
            "isVisibleInEditor": "true",
            "lineVelocity": "x:0 y:0 z:0",
            "localAnchorPoint": "x:0 y:0 z:0",
            "lodData": {
              "lodModelItem": []
            },
            "lodGroup": "",
            "massCenter": "x:23.1919384002686 y:22.216588973999 z:27.9820861816406",
            "materialAlpha": "1.0",
            "materialColor": "r:1.0 g:1.0 b:1.0 a:1.0",
            "materialOffset": "x:1 y:1 z:1.0",
            "materialTexture": "part_suliao.tga",
            "mesh": "asset/Mesh/High-Rise Buildings With Platform/g2047_2_45_zhuagnshi.mesh",
            "metalness": "0",
            "name": "Kota",
            "needSync": "true",
            "originAnchor": "false",
            "partNavMeshType": "1",
            "position": "x:23.1919384002686 y:22.216588973999 z:27.9820861816406",
            "restitution": "0.3",
            "rotation": "x:0 y:-90 z:0",
            "roughness": "0.9",
            "scale": "x:1.88276 y:1.88276 z:1.88276",
            "selectable": "true",
            "staticBatchNo": "",
            "staticObject": "true",
            "useAnchor": "true",
            "useCollide": "true",
            "useForCollision": "false",
            "useGravity": "false",
            "useLodModel": "false",
            "useTextureAlpha": "false"
          }
        }
      ],
      "class": "Folder",
      "customProperties": [],
      "properties": {
        "aclNames": [],
        "id": "8793761226604691457",
        "isDataSet": "false",
        "isVisibleInEditor": "true",
        "name": "Object luar",
        "useForCollision": "false"
      }
    },
    {
      "attributes": [],
      "children": [
        {
          "attributes": [],
          "class": "Entity",
          "config": "myplugin/Musuh",
          "customProperties": [],
          "properties": {
            "bakeTextureWeight": "1",
            "batchType": "Static",
            "canAcceptShadow": "true",
            "canGenerateShadow": "true",
            "collisionGroup": "1",
            "id": "8794002570840178689",
            "isVisibleInEditor": "true",
            "name": "Musuh",
            "needSync": "true",
            "position": "x:-5.39415550231934 y:1.9073486328125e-06 z:24.6628360748291",
            "rotation": "x:0 y:0 z:0",
            "scale": "x:1 y:1 z:1",
            "selectable": "true",
            "useAnchor": "false",
            "useForCollision": "false"
          }
        },
        {
          "attributes": [],
          "class": "Entity",
          "config": "myplugin/Musuh",
          "customProperties": [],
          "properties": {
            "bakeTextureWeight": "1",
            "batchType": "Static",
            "canAcceptShadow": "true",
            "canGenerateShadow": "true",
            "collisionGroup": "1",
            "id": "8794018997110341633",
            "isVisibleInEditor": "true",
            "name": "Musuh",
            "needSync": "true",
            "position": "x:38.4051208496094 y:-1.19209289550781e-07 z:12.3103504180908",
            "rotation": "x:0 y:0 z:0",
            "scale": "x:1 y:1 z:1",
            "selectable": "true",
            "useAnchor": "false",
            "useForCollision": "false"
          }
        },
        {
          "attributes": [],
          "class": "Entity",
          "config": "myplugin/Musuh",
          "customProperties": [],
          "properties": {
            "bakeTextureWeight": "1",
            "batchType": "Static",
            "canAcceptShadow": "true",
            "canGenerateShadow": "true",
            "collisionGroup": "1",
            "id": "8794019038716477441",
            "isVisibleInEditor": "true",
            "name": "Musuh",
            "needSync": "true",
            "position": "x:43.9914093017578 y:8.34465026855469e-07 z:80.3040161132812",
            "rotation": "x:0 y:0 z:0",
            "scale": "x:1 y:1 z:1",
            "selectable": "true",
            "useAnchor": "false",
            "useForCollision": "false"
          }
        },
        {
          "attributes": [],
          "class": "Entity",
          "config": "myplugin/Musuh",
          "customProperties": [],
          "properties": {
            "bakeTextureWeight": "1",
            "batchType": "Static",
            "canAcceptShadow": "true",
            "canGenerateShadow": "true",
            "collisionGroup": "1",
            "id": "8794019093913354241",
            "isVisibleInEditor": "true",
            "name": "Musuh",
            "needSync": "true",
            "position": "x:-36.930793762207 y:9.5367431640625e-07 z:62.5794105529785",
            "rotation": "x:0 y:0 z:0",
            "scale": "x:1 y:1 z:1",
            "selectable": "true",
            "useAnchor": "false",
            "useForCollision": "false"
          }
        },
        {
          "attributes": [],
          "class": "Entity",
          "config": "myplugin/Musuh",
          "customProperties": [],
          "properties": {
            "bakeTextureWeight": "1",
            "batchType": "Static",
            "canAcceptShadow": "true",
            "canGenerateShadow": "true",
            "collisionGroup": "1",
            "id": "8794019191246733313",
            "isVisibleInEditor": "true",
            "name": "Musuh",
            "needSync": "true",
            "position": "x:28.8575286865234 y:-1.19209289550781e-07 z:76.1008605957031",
            "rotation": "x:0 y:0 z:0",
            "scale": "x:1 y:1 z:1",
            "selectable": "true",
            "useAnchor": "false",
            "useForCollision": "false"
          }
        }
      ],
      "class": "Folder",
      "customProperties": [],
      "properties": {
        "aclNames": [],
        "id": "8804098671574040577",
        "isDataSet": "false",
        "isVisibleInEditor": "true",
        "name": "Musuh",
        "useForCollision": "false"
      }
    },
    {
      "attributes": [],
      "class": "MeshPart",
      "customProperties": [],
      "properties": {
        "angleVelocity": "x:0 y:0 z:0",
        "autoAnchor": "true",
        "bakeTextureWeight": "1",
        "batchType": "Dynamic",
        "bloom": "false",
        "booleanOperation": "0",
        "btsKey": "956771cf-966b-4e41-9e20-baeb83905588",
        "cameraCollideEnable": "true",
        "canAcceptShadow": "true",
        "canGenerateShadow": "true",
        "collisionFidelity": "0",
        "collisionGroup": "1",
        "collisionUniqueKey": "",
        "customShapeData": "",
        "customThreshold": "1",
        "density": "2.2",
        "discardAlpha": "0.0",
        "friction": "0.37",
        "id": "8804906076909420545",
        "isLockedInEditor": "false",
        "isVisibleInEditor": "true",
        "lineVelocity": "x:0 y:0 z:0",
        "localAnchorPoint": "x:0 y:0 z:0",
        "lodData": {
          "lodModelItem": []
        },
        "lodGroup": "",
        "massCenter": "x:61.9167060852051 y:0.356899976730347 z:41.7345199584961",
        "materialAlpha": "1.0",
        "materialColor": "r:1.0 g:1.0 b:1.0 a:1.0",
        "materialOffset": "x:1 y:1 z:1.0",
        "materialTexture": "part_suliao.tga",
        "mesh": "asset/Mesh/Yellow Blue Round Base/g2047_hall_door.mesh",
        "metalness": "0",
        "name": "g2047_hall_door.mesh",
        "needSync": "true",
        "originAnchor": "false",
        "partNavMeshType": "1",
        "position": "x:61.9167060852051 y:0.356899976730347 z:41.7345199584961",
        "restitution": "0.3",
        "rotation": "x:0 y:0 z:0",
        "roughness": "0.9",
        "scale": "x:1.8572 y:1.8572 z:1.8572",
        "selectable": "true",
        "staticBatchNo": "",
        "staticObject": "false",
        "useAnchor": "false",
        "useCollide": "true",
        "useForCollision": "false",
        "useGravity": "false",
        "useLodModel": "false",
        "useTextureAlpha": "false"
      }
    },
    {
      "attributes": [],
      "class": "RegionPart",
      "customProperties": [],
      "properties": {
        "bakeTextureWeight": "1",
        "batchType": "Static",
        "canAcceptShadow": "true",
        "canGenerateShadow": "true",
        "cfgName": "myplugin/7610fcae-43c6-4c2a-8e0f-bfff1e66e5f2",
        "id": "8804908083598802945",
        "isVisibleInEditor": "true",
        "name": "Region",
        "needSync": "true",
        "position": "x:62.0510139465332 y:0.972815871238708 z:41.4725914001465",
        "rotation": "x:0 y:0 z:0",
        "scale": "x:4.64097 y:1.15699 z:6.56388",
        "selectable": "true",
        "useAnchor": "false",
        "useForCollision": "false"
      }
    },
    {
      "attributes": [],
      "class": "DropItem",
      "config": "myplugin/senjata",
      "customProperties": [],
      "properties": {
        "bakeTextureWeight": "1",
        "batchType": "Static",
        "canAcceptShadow": "true",
        "canGenerateShadow": "true",
        "fixRotation": "false",
        "id": "8804973823032426497",
        "isVisibleInEditor": "true",
        "name": "DropItem",
        "needSync": "true",
        "position": "x:-51.3254470825195 y:15.5473327636719 z:1.33653247356415",
        "rotation": "x:0 y:0 z:0",
        "scale": "x:1 y:1 z:1",
        "selectable": "true",
        "useAnchor": "false",
        "useForCollision": "false"
      }
    },
    {
      "attributes": [],
      "class": "DropItem",
      "config": "myplugin/senjata",
      "customProperties": [],
      "properties": {
        "bakeTextureWeight": "1",
        "batchType": "Static",
        "canAcceptShadow": "true",
        "canGenerateShadow": "true",
        "fixRotation": "false",
        "id": "8804973845453979649",
        "isVisibleInEditor": "true",
        "name": "DropItem",
        "needSync": "true",
        "position": "x:-51.3254585266113 y:13.7566938400269 z:1.09283638000488",
        "rotation": "x:0 y:0 z:0",
        "scale": "x:1 y:1 z:1",
        "selectable": "true",
        "useAnchor": "false",
        "useForCollision": "false"
      }
    },
    {
      "attributes": [],
      "class": "DropItem",
      "config": "myplugin/senjata",
      "customProperties": [],
      "properties": {
        "bakeTextureWeight": "1",
        "batchType": "Static",
        "canAcceptShadow": "true",
        "canGenerateShadow": "true",
        "fixRotation": "false",
        "id": "8804973871119613953",
        "isVisibleInEditor": "true",
        "name": "DropItem",
        "needSync": "true",
        "position": "x:-51.3253021240234 y:15.1980171203613 z:2.22356390953064",
        "rotation": "x:0 y:0 z:0",
        "scale": "x:1 y:1 z:1",
        "selectable": "true",
        "useAnchor": "false",
        "useForCollision": "false"
      }
    },
    {
      "attributes": [],
      "class": "DropItem",
      "config": "myplugin/senjata",
      "customProperties": [],
      "properties": {
        "bakeTextureWeight": "1",
        "batchType": "Static",
        "canAcceptShadow": "true",
        "canGenerateShadow": "true",
        "fixRotation": "false",
        "id": "8804973902618640385",
        "isVisibleInEditor": "true",
        "name": "DropItem",
        "needSync": "true",
        "position": "x:-53.3154029846191 y:40.2249908447266 z:31.2725791931152",
        "rotation": "x:0 y:0 z:0",
        "scale": "x:1 y:1 z:1",
        "selectable": "true",
        "useAnchor": "false",
        "useForCollision": "false"
      }
    },
    {
      "attributes": [],
      "class": "DropItem",
      "config": "myplugin/senjata",
      "customProperties": [],
      "properties": {
        "bakeTextureWeight": "1",
        "batchType": "Static",
        "canAcceptShadow": "true",
        "canGenerateShadow": "true",
        "fixRotation": "false",
        "id": "8804973967371468801",
        "isVisibleInEditor": "true",
        "name": "DropItem",
        "needSync": "true",
        "position": "x:-79.3916397094727 y:-5.06100654602051 z:88.1831741333008",
        "rotation": "x:0 y:0 z:0",
        "scale": "x:1 y:1 z:1",
        "selectable": "true",
        "useAnchor": "false",
        "useForCollision": "false"
      }
    },
    {
      "attributes": [],
      "class": "Entity",
      "config": "myplugin/Anak buah 1",
      "customProperties": [],
      "properties": {
        "bakeTextureWeight": "1",
        "batchType": "Static",
        "canAcceptShadow": "true",
        "canGenerateShadow": "true",
        "collisionGroup": "1",
        "id": "8806692363709628417",
        "isVisibleInEditor": "true",
        "name": "Anak buah 1",
        "needSync": "true",
        "position": "x:-8.55620002746582 y:1.9073486328125e-06 z:-7.50944805145264",
        "rotation": "x:0 y:0 z:0",
        "scale": "x:2 y:2 z:2",
        "selectable": "true",
        "useAnchor": "false",
        "useForCollision": "false"
      }
    },
    {
      "attributes": [],
      "class": "Entity",
      "config": "myplugin/Anak buah 1",
      "customProperties": [],
      "properties": {
        "bakeTextureWeight": "1",
        "batchType": "Static",
        "canAcceptShadow": "true",
        "canGenerateShadow": "true",
        "collisionGroup": "1",
        "id": "8806695052546605057",
        "isVisibleInEditor": "true",
        "name": "Anak buah 1",
        "needSync": "true",
        "position": "x:-16.3527336120605 y:-5.96046447753906e-08 z:67.6012725830078",
        "rotation": "x:0 y:0 z:0",
        "scale": "x:2 y:2 z:2",
        "selectable": "true",
        "useAnchor": "false",
        "useForCollision": "false"
      }
    },
    {
      "attributes": [],
      "class": "Entity",
      "config": "myplugin/Anak buah 1",
      "customProperties": [],
      "properties": {
        "bakeTextureWeight": "1",
        "batchType": "Static",
        "canAcceptShadow": "true",
        "canGenerateShadow": "true",
        "collisionGroup": "1",
        "id": "8806695088033628161",
        "isVisibleInEditor": "true",
        "name": "Anak buah 1",
        "needSync": "true",
        "position": "x:26.7396125793457 y:-5.96046447753906e-08 z:3.78093433380127",
        "rotation": "x:0 y:0 z:0",
        "scale": "x:2 y:2 z:2",
        "selectable": "true",
        "useAnchor": "false",
        "useForCollision": "false"
      }
    }
  ],
  "skyBox": [
    {
      "texture": [
        "@asset/Texture/SkyBox/Night/Sky03_right.png",
        "@asset/Texture/SkyBox/Night/Sky03_left.png",
        "@asset/Texture/SkyBox/Night/Sky03_top.png",
        "@asset/Texture/SkyBox/Night/Sky03_bottom.png",
        "@asset/Texture/SkyBox/Night/Sky03_back.png",
        "@asset/Texture/SkyBox/Night/Sky03_front.png"
      ]
    }
  ],
  "skyBoxMode": "static_display",
  "skyBoxRotate": {
    "x": 0,
    "y": 0,
    "z": 0
  },
  "skyBoxTexPixFmt": "RGBA8",
  "skyBoxTexSize": 512,
  "touchPosY": {
    "touchdownPosY": -30,
    "touchupPosY": 600
  },
  "useLod": false
}