{"camera_move_speed":0.3,"map_pos":{"Map 002":{"z":30,"x":30,"y":68},"map001":{"z":30,"x":30,"y":68}},"viewport_width":1139,"viewport_height":640,"part_place_settings":[{"texture":"part_huawenban.tga","__OBJ_TYPE":"PART_PLACE_SETTING","key":"cube","color":{"b":0,"a":255,"g":0,"r":0,"__OBJ_TYPE":"Color"}},{"texture":"part_suliao.tga","__OBJ_TYPE":"PART_PLACE_SETTING","key":"sphere","color":{"b":255,"a":255,"g":255,"r":255,"__OBJ_TYPE":"Color"}},{"texture":"part_suliao.tga","__OBJ_TYPE":"PART_PLACE_SETTING","key":"cylinder","color":{"b":255,"a":255,"g":255,"r":255,"__OBJ_TYPE":"Color"}},{"texture":"part_suliao.tga","__OBJ_TYPE":"PART_PLACE_SETTING","key":"cone","color":{"b":255,"a":255,"g":255,"r":255,"__OBJ_TYPE":"Color"}}]}